iteration,WindOffshore,GasTurbine,Baseload,Peak,WindOnshore,SolarPanels,TypeC,TypeA,TypeD,TypeB
1,4.9999999998967395,5.0,5.0,10.0,4.9999999995875815,4.999999999948722,0.0,0.0,0.0,0.0
2,4.999999999985294,4.99999999998514,4.999999999992071,10.000000000000957,4.99999999999401,4.999999999986456,-2.4952190910017007e-13,9.032843074327578e-11,5.719464063064988e-10,1.1978973162029433e-10
3,4.99999999998756,4.999999999985993,4.9999999999707265,9.999999999994987,4.999999999955495,4.999999999919065,6.2594270413678445e-12,5.888617420072365e-11,2.8050782043219168e-11,7.619883816546155e-11
4,4.999999999988674,4.999999999957185,4.999999999942589,9.99999999998646,4.999999999931213,4.9999999998212745,-8.705678585499758e-11,4.6634241148654706e-11,2.603447466074372e-11,-8.97273903655721e-12
5,4.999999999923618,4.99999999993339,4.999999999977296,9.999999999991694,4.999999999985141,4.9999999998887885,-8.724278227806018e-12,1.9003444511448825e-10,2.157760477977785e-11,1.3433102552302626e-10
6,4.999999999986203,4.999999999983637,4.999999999909133,9.999999999985913,4.999999999983244,4.999999999831125,-3.3271450784339024e-11,1.1710721896387059e-10,4.785465987512488e-10,5.522029364637823e-10
7,4.999999999977764,4.999999999964303,4.999999999960198,9.999999999985041,4.999999999935605,4.9999999997659454,4.8921455997613735e-12,5.295784160155536e-11,-9.032350283013094e-10,7.016209234813673e-12
8,4.999999999980127,4.999999999940985,4.999999999873195,9.999999999976259,4.999999999967066,4.999999999730751,-4.127731539680208e-13,1.9117607040779748e-11,-9.448754349576543e-10,1.639708303097568e-10
9,4.999999999957972,4.999999999969088,4.999999999981286,9.999999999996541,4.999999999955304,4.999999999593803,4.461671731007636e-12,1.4898876885932266e-10,-7.631338210970705e-9,2.1559042035766668e-10
10,4.999999999944451,4.9999999999639915,4.999999999993392,9.999999999996296,4.999999999928883,4.999999999614175,1.177533941973229e-10,8.12484654288716e-11,-1.4622979516848428e-8,5.938162504555523e-10
11,4.99999999993178,4.999999999993,4.999999999989557,9.999999999988447,4.999999999947256,4.999999999340214,8.266922937565575e-11,2.4533553875253004e-10,8.180743461586327e-11,9.235162087072694e-10
12,4.999999999949548,4.999999999935753,4.999999999991568,9.9999999999893,4.99999999993577,4.999999998485258,1.0867973801253737e-10,1.804192272866722e-11,1.1010665115516092e-9,3.0239414358141386e-11
13,4.9999999999411315,4.999999999883616,4.999999999957271,9.999999999987502,4.999999999920497,4.999999997814724,1.246425310594724e-9,-8.580259836751992e-12,1.0379915862899962e-9,1.446760352604416e-10
14,4.999999999905284,4.999999999197148,4.999999999752229,9.9999999999497,4.999999999869923,4.9999997710871025,8.810333532257491e-12,-1.091165967923848e-9,5.5776757407651404e-11,-1.3587036470060787e-9
15,4.999999999891663,4.755375634720775e-10,1.4017865085008813e-9,4.352259521614549,4.9999999997870805,4.122050737295876,-2.1449334182508877,-2.1449334187300315,-2.1449332886293146,-2.1449334428274973
16,4.99999999991203,2.568536811233678e-11,3.24785668636811e-11,7.714715668936344e-11,4.999999999887157,4.999999998684255,-0.9309630471223195,-0.9309632040796553,-0.9309629398160151,-0.9309631095800293
17,4.9999999998829345,8.287108458935248e-12,2.3235567595650205e-11,1.3278687360131904e-11,4.999999999842535,4.999999999148955,-1.0137897007804221e-9,-1.2111001074129753e-8,-1.9686671014005715e-10,-4.5869923770765877e-10
18,4.999999999827347,6.251226029170613e-12,2.09285900510297e-11,8.496649968885367e-12,4.999999999732439,4.720566608721188,9.609616689421795e-11,-7.325670389419172e-9,-5.743978023314191e-11,-1.4152028591410262e-9
19,4.999999999645492,8.135086914128262e-12,2.4561052734263108e-11,1.0284676443118638e-11,4.99999999845704,3.9217245444698103,-1.538785366775421e-10,-2.3117113035077645e-7,-1.0676451753377952e-9,-4.5088477219674706e-9
20,4.999999998656894,8.700226046958688e-11,2.7917176548493316e-11,1.0032363297557417e-11,4.9999999551162215,2.741422163407426,-8.815667946526571e-9,-4.76743541673572e-9,-1.9449356529484764e-8,-2.854127430171748e-8
21,4.99999998872319,5.0872282919008634e-11,1.5471431054800665e-11,6.9123210344963605e-12,4.436199518829469,1.2939678468388542,-0.5101598927421098,-0.5101599841246437,-0.5101600314250901,-0.5101598911224251
22,4.3350571719176765,8.394491070453176e-12,4.507949112977194e-11,5.753391301323357e-12,3.636148366147178,7.152635087002749e-9,-1.3190877246805877,-1.3190906386467738,-1.3190878927390715,-1.3190876059217576
23,3.0469790873879776,1.8287093344251582e-11,9.034573494319155e-12,1.6142210355320985e-11,2.751581817196301,4.075365922685598e-10,-2.423099819927463,-2.4231028246627173,-2.423099981687111,-2.423099703711285
24,0.9542871575127866,4.949697628675105e-12,1.5147323131527075e-11,6.1170554106556005e-12,1.7262236889889033,5.792744642987155e-10,-4.009311398644313,-4.0093144524180815,-4.00931159396261,-4.009311427218332
25,5.820356682601474e-10,3.1381757740400143e-11,1.520273579840003e-11,6.248912072517271e-12,0.9434347185895815,2.0374980982770314e-9,-5.3984333234546895,-5.398436220798577,-5.398433490936234,-5.398433239237865
26,3.011876930188971e-10,2.37430642176718e-11,1.686878771287533e-11,9.778123865411543e-12,0.47113388626191915,0.27617543937054134,-5.8707341439608465,-5.8707366752192796,-5.870734763733651,-5.870734064321901
27,3.144502066874775e-10,5.629355794121285e-12,2.1587066335697606e-11,4.572473738665172e-12,4.993377999839825e-8,0.7228286627267133,-6.065188373759293,-6.06519086986981,-6.06518899286077,-6.065188218898545
28,3.0854348409782426e-10,1.172674499288445e-11,6.344125180254635e-12,1.0526744693341795e-12,5.949741328674065e-10,1.2525704935411135,-5.535446634333557,-5.53544911455999,-5.535447175352677,-5.535446469824935
29,4.100971373920098e-11,1.0448001343999926e-11,4.945708550677468e-12,1.2791236122981614e-12,5.302683035551651e-10,1.540002935052789,-5.248014561350197,-5.24801666846223,-5.248014711612411,-5.2480140618037305
30,3.3538925151519223e-11,7.59857496337345e-12,7.59647931635025e-12,6.435034407190911e-12,3.699762974432392e-10,1.7279108182958198,-5.060106685067438,-5.06010879795711,-5.060106824921959,-5.060106140632854
31,2.958971174529083e-11,6.541751779583443e-12,7.450179048462306e-12,6.4070403121138075e-12,3.648114159372502e-10,1.8861608415197613,-4.9018566684931555,-4.9018587711529795,-4.901856771382293,-4.90185611704619
32,3.0416836845552306e-11,4.873762895918344e-12,7.131998559634575e-12,7.849583720972327e-13,3.0796297742578584e-10,2.0466315121129233,-4.741386032029633,-4.741388103758781,-4.741386084096689,-4.741385366358101
33,2.762724080712718e-11,1.9140299715070335e-11,4.836714761641981e-12,7.813435446881103e-12,3.11266636989188e-10,2.2216769419740747,-4.56634066264032,-4.566342690707043,-4.566340642187638,-4.566339891530147
34,1.7807593320802925e-11,1.6949265611141625e-11,4.71998811597389e-12,7.95197609835142e-12,2.5331968611517575e-10,2.4140049683147407,-4.374013047082424,-4.374014682169042,-4.3740126154261665,-4.37401191544329
35,3.645726981269744e-11,3.1327431617326034e-12,7.11520592747574e-12,1.6300827034655035e-12,3.6877312805389785e-10,2.6216527419539677,-4.166365287352529,-4.166366908808322,-4.1663648140653615,-4.166364137226348
36,3.372340152555599e-11,2.1074943333552354e-11,6.876327621357031e-12,7.686479383580938e-12,3.432643416670741e-10,2.8406518742333646,-3.947365733490378,-3.947367746490493,-3.9473656617615007,-3.947365039178886
37,3.163548084094612e-11,2.1114844873140593e-11,6.797006397436891e-12,5.7453634799662826e-12,3.3228857756168184e-10,3.0718787773144793,-3.7161388443078422,-3.716140865281702,-3.716138727030461,-3.7161385693683786
38,2.0900893816494973e-11,2.03793836635845e-11,6.433462270973112e-12,5.466278561337784e-12,2.8757088674585483e-10,3.2165898788760874,-3.5714276912351197,-3.571429773056427,-3.5714276301491026,-3.5714274621041215
39,2.0461966856299135e-11,3.082814213961373e-12,6.430919359991714e-12,8.501397963210033e-12,2.9472333017898435e-10,3.4189616258983824,-3.369055564776006,-3.369058214680284,-3.369055885565153,-3.3690556818773283
40,8.178065655247158e-11,3.364451935772254e-12,6.235127522578791e-12,8.65754929104604e-12,1.0048061843324785e-10,3.5679773455723476,-3.220039844333699,-3.2200424942482675,-3.220040164809737,-3.2200399553781223
41,7.189418683193289e-11,3.655796740741886e-12,6.160742125872933e-12,8.80835366117775e-12,1.1020567457567154e-10,3.697514901379154,-3.090502164278945,-3.0905049316772057,-3.090502600100779,-3.0905023940109855
42,6.998212564659413e-11,6.207230333744881e-12,6.630033710573066e-12,9.003472900609717e-12,1.0693704202716807e-10,3.8239985335237194,-2.9640186362048446,-2.9640212925515206,-2.964018929688894,-2.964018708924025
43,1.178205530353651e-10,9.880099324144286e-12,9.563349646299535e-12,5.882044523947219e-12,1.279303153696717e-10,3.9546877386359682,-2.8333294462183045,-2.833332069521752,-2.8333296951269182,-2.8333294946069145
44,1.4420043072231113e-10,1.392450133796526e-11,1.1816131961105589e-11,1.4550302847908181e-11,1.6816919881127027e-10,4.0944840072562165,-2.6935332019915723,-2.6935357936351885,-2.693533374597721,-2.6935332120688513
45,1.9585843928748077e-10,1.8046277157377307e-11,1.5397694081186824e-11,6.224287600424816e-13,3.226123042468693e-10,4.245205790704984,-2.5428113954044154,-2.5428139992212753,-2.5428115727909155,-2.542811427303689
46,2.753834122855898e-10,4.194437163242128e-12,1.9991382967954222e-11,1.414643056515333e-11,3.732680895991478e-10,4.406967373227772,-2.3810497399296584,-2.3810523899436107,-2.381050179541164,-2.3810498468247063
47,5.592953785851373e-11,7.0764268246879705e-12,2.6517928051861677e-11,3.728598356685785e-12,4.376314027971831e-10,4.578943421051191,-2.2090736782223055,-2.209076372985608,-2.209074098575105,-2.2090737226014
48,8.221635396317312e-11,1.1036768358026543e-11,5.83067388422309e-12,7.618924556542713e-13,7.750751427880509e-10,4.759691586418047,-2.0283255139648078,-2.0283281714219736,-2.028325938847332,-2.028325516105961
49,1.0069989929414272e-10,1.2990928039063342e-11,5.951340918889207e-12,6.922291251879554e-13,1.0881139980736946e-9,4.947448623809813,-1.8405684383487237,-1.8405710530943395,-1.8405688376943212,-1.840568480938523
50,1.1523495590010401e-10,1.4946800029977528e-11,3.07234202531978e-11,2.293547113493857e-11,1.7287950876936198e-9,4.9999999804668285,-1.6477288151526681,-1.6477313408790804,-1.6477292233500904,-1.64772859264248
51,1.7374159708364114e-10,2.4774595740054876e-11,4.028345769281239e-11,8.368891319518835e-13,2.76011865139138e-10,4.999999999626818,-1.4319826566735778,-1.4319841754663205,-1.4319819045774331,-1.4319822585984556
52,2.02397387606299e-10,4.687282290940282e-11,5.7684165004210526e-11,2.8151041757369526e-11,9.852729232296593e-10,4.999999991881824,-1.1761098132038919,-1.176111272518648,-1.1761077140362142,-1.1761091367779517
53,1.4365310512715515e-10,4.77652725900669e-11,5.851371168703171e-11,2.6468464875484117e-11,3.4495178127724747e-10,4.999999992850945,-0.8732909360229852,-0.8732901586769047,-0.8732866001298726,-0.8732879862188908
54,1.5824064607630432e-10,2.3447547589944547e-11,3.5920247443225865e-11,1.2787755588485584e-12,4.130431389640373e-10,4.99999999959798,-0.5302513894299847,-0.530252967388056,-0.5302503625403888,-0.5302508984243813
55,1.7437620335802774e-10,6.07137149775876e-11,4.930737458220187e-11,2.456086284028005e-11,4.816097520663308e-10,4.999999992943755,-0.21237331501423512,-0.2123758722806334,-0.21237363660679937,-0.21237418924693977
56,1.8693593251743004e-10,3.6007158955299304e-11,5.563223521182269e-11,4.444713268451517e-12,4.749813216178635e-10,4.999999992204429,-1.2552357393082777e-6,-8.701595486977925e-7,-1.655774942080848e-7,-1.5280728484028513e-8
57,1.88335035841985e-10,4.0139592410524135e-11,5.7724935416413126e-11,5.204466058964688e-12,4.971100036970808e-10,4.999999991850838,-1.8136064201316384e-8,-2.1912845213621206e-8,-2.096866257530498e-8,-6.822211325547413e-9
58,2.1214212717435315e-10,1.8287831785587093e-11,2.7614286386710195e-11,2.085113838750523e-11,7.761621335328176e-10,4.9999999918421505,-3.540744065892837e-9,-1.4776769985015598e-8,-1.2531001042137667e-8,-1.1706040831370504e-8
59,2.6434252736025655e-10,1.1616831369843739e-11,3.351754087318775e-11,2.0912881085574117e-11,9.85813490576983e-10,4.999999992027635,-4.286600081761811e-9,-5.4095041444866686e-8,-1.4503120646946733e-9,-1.780276622247816e-8
60,3.5032130186827917e-10,2.4849692350694843e-11,4.129452283028045e-11,2.22612759072383e-11,1.1926487708798457e-9,4.999999992384418,-5.276235023917757e-11,-5.550114467708587e-7,-6.977182309151072e-10,-9.583542996703876e-10
61,4.243649823110581e-10,5.860431563960451e-11,2.309585959573314e-11,3.167025322174726e-11,1.6596987065572027e-9,4.999999990800162,-2.199493207584388e-10,-6.403429822053027e-8,-1.5188910616192864e-9,-1.1970226462317825e-9
62,4.4642518600509303e-10,1.4396355163207982e-11,2.207096134669735e-11,2.4645961473387983e-11,1.7334217321205007e-9,4.999999986017295,-1.2053211387485753e-8,-1.0741884566534563e-10,-1.7353152390227385e-7,-1.2763124488420954e-7
63,6.554351861907406e-10,7.447788125731e-11,2.5048538983755795e-11,3.69255954387453e-11,2.165121653693223e-9,4.999999960777862,-2.0197461113790876e-8,-1.3090464560203117e-8,-1.3565343033253984e-7,-9.288095248687411e-8
64,7.443616553664281e-10,3.205067647344325e-11,2.6387773689909162e-11,1.0065818604903986e-11,2.87800585068489e-9,4.999999956411733,-6.077965111965436e-8,-1.6951182588853408e-9,-6.835861076774684e-8,-2.710930917792055e-9
65,7.841617473742654e-10,8.215242177928968e-11,2.8852519716683286e-11,3.9620236297473356e-11,3.0913346863251892e-9,4.9999999426165225,-3.042089720798166e-8,-1.946269841792854e-6,-1.3186949971244392e-7,-1.6884261283764382e-7
66,8.109088411761993e-10,8.337163702771182e-11,2.971213367866492e-11,4.044994783266537e-11,3.151916437116721e-9,4.99999990510228,-5.693030566586145e-8,-9.238657759902831e-7,-2.2557812912483206e-7,-2.53879741828612e-7
67,8.235047339958029e-10,8.251822348998211e-11,3.0354260989742135e-11,4.290568835848293e-11,3.04958436544879e-9,4.9999996454683755,-9.96625297091813e-7,-2.559557195953675e-8,-1.2411495504011553e-6,-1.7212305293496959e-6
68,8.207297430769981e-10,8.015834670919782e-11,2.999511878410484e-11,4.2959242769391676e-11,2.8371894584073054e-9,4.9876355481354935,-0.01238812947469717,-0.012364109663078675,-0.012365989948846932,-0.012367735657979969
69,8.121580674848405e-10,7.686876087799266e-11,2.966225096144213e-11,4.2548255141692587e-11,2.7542546914640142e-9,4.953845472107127,-0.04618208140187806,-0.046154091362019214,-0.04615602768336751,-0.04615801089753766
70,8.069810260973098e-10,3.1089556551030574e-11,2.9067238650689048e-11,4.168057419642666e-11,2.6368297924989697e-9,4.906781532042061,-0.09324627655285583,-0.09321801397954464,-0.09322052589804057,-0.09322193046083375
71,7.980790318465188e-10,6.796855738548014e-11,2.8046287151870485e-11,9.528547979742552e-12,2.5531391806618063e-9,4.851190262971747,-0.14883831220696564,-0.1488086248750601,-0.14881198143942667,-0.14881364383141688
72,7.838897612120075e-10,2.5815670999486262e-11,2.6845100649002172e-11,3.802854526113066e-11,2.483648467417773e-9,4.790037402462712,-0.2099911072966488,-0.209961489943743,-0.2099651535447888,-0.2099667597667125
73,7.68056114899527e-10,5.7005847033435615e-11,2.54323532632657e-11,3.659221240445606e-11,2.4122189516348863e-9,4.72528110725683,-0.27474756505478615,-0.27471777473673636,-0.2747214709079658,-0.27472313890020394
74,7.16711316641117e-10,5.126013992552755e-11,1.966661915662905e-11,3.4906784037588596e-11,2.3365324251802397e-9,4.6583308332477324,-0.34169789195240236,-0.34166823035343613,-0.34167179875302384,-0.34167342183905525
75,6.961479216483777e-10,5.1092053217092056e-11,2.1435678020887317e-11,3.303523486699822e-11,2.257335720873809e-9,4.590268398584693,-0.4097603931197935,-0.4097306661125724,-0.40973427251918043,-0.40973585163949955
76,6.744419457026253e-10,4.536535109098361e-11,1.9853012850010095e-11,3.0757717424993566e-11,2.1800533779795442e-9,4.521980449650446,-0.478048435048453,-0.4780186257329866,-0.47802225826673095,-0.47802378516209454
77,6.525228742019014e-10,6.273157951811688e-11,1.858518935828553e-11,2.8654942700480737e-11,1.7388677231548633e-9,4.454233624122112,-0.5457953085382752,-0.5457655001664892,-0.545769089840042,-0.5457706033836239
78,6.306769313530054e-10,5.636159432176584e-11,2.506728712768634e-11,1.3441489530602441e-11,1.6695569192694555e-9,4.387672611116741,-0.6123563391045774,-0.6123265485748339,-0.6123301012991789,-0.6123316075777498
79,5.939800844054671e-10,5.673995035346178e-11,2.065481899921442e-11,2.9158605536027954e-11,1.45122550969514e-9,4.322843183528714,-0.6771857694572693,-0.6771559966539159,-0.6771595288356271,-0.6771611036521535
80,6.000946847367484e-10,6.053710132268571e-11,2.224009379228014e-11,2.8440143290506373e-11,1.4352375315308157e-9,4.260221759645994,-0.7398071887684647,-0.739777378666208,-0.7397810038853935,-0.7397824898741527
81,6.39451696746226e-10,8.679162321908672e-12,2.3358005272201348e-11,2.4678287515383927e-11,1.6967057679107661e-9,4.198327007383167,-0.8017028523770332,-0.8016721184453844,-0.8016758367049043,-0.8016772413800687
82,6.899275627965249e-10,9.401078629462124e-11,4.406008095420877e-11,2.3957521171014998e-11,1.6206090038008814e-9,4.136644831516176,-0.8633954364482178,-0.863354253633691,-0.8633580317231184,-0.8633594050620939
83,3.413963204823283e-10,8.389413853468436e-11,3.9949995254409904e-11,9.655114656467305e-12,8.917265994068891e-10,4.078289158455536,-0.9217510083406922,-0.921709922130744,-0.9217136881476867,-0.9217153169678319
84,3.105669686369716e-10,7.393498710745499e-11,3.645665679208819e-11,1.4670449120625788e-11,8.698328559713978e-10,4.018809076112936,-0.9812312327131534,-0.9811901043152751,-0.9811936390622493,-0.9811954128041996
85,2.97308753790909e-10,6.890230530367238e-11,3.4409788745864636e-11,1.4008561319767644e-11,8.095671750135101e-10,3.955873854724759,-1.0441666067690747,-1.0441256112967894,-1.0441288573561673,-1.0441306656397606
86,2.8505501127892105e-10,6.222585687965457e-11,3.208959397208691e-11,1.3294304890356932e-11,7.121324219700791e-10,3.8882839535438873,-1.1117562366632607,-1.1117154914946368,-1.1117188284954045,-1.1117205165130173
87,2.7463504329571873e-10,6.872218493743671e-11,3.3346798645297884e-11,1.266595928601312e-11,6.344966626118622e-10,3.8154421293328316,-1.184598083294663,-1.1845572912904523,-1.184560610052553,-1.1845623104558722
88,2.677012522151005e-10,6.925448625722051e-11,3.167713032392983e-11,1.2265843674819796e-11,7.128881128434414e-10,3.7526277574407074,-1.247412641403897,-1.2473716541836055,-1.247374935408305,-1.247376639127379
89,2.613526143917652e-10,3.304479833389138e-11,8.457294795395453e-11,1.461579694741276e-12,6.986861989885483e-10,3.6986464113182267,-1.3013940161508033,-1.3013529877770864,-1.3013562447241016,-1.3013579870734018
90,2.5192444191823176e-10,2.608150257457842e-11,7.27786497318737e-11,9.354622518835985e-12,6.8557970185103e-10,3.6527521713622715,-1.3472883210136595,-1.3472472198187595,-1.3472504572981854,-1.3472522073364344
91,2.4710667203623907e-10,3.417839548987184e-11,1.5947043233119093e-11,1.6151216489060192e-11,6.745642240542542e-10,3.6144228418344144,-1.3856177529133065,-1.3855765455274034,-1.3855797627147517,-1.3855811233959392
92,2.4623028103199735e-10,3.352154073643169e-11,8.963688918358776e-11,1.5849937345899666e-11,6.515242916149967e-10,3.603587359392549,-1.3964530229337682,-1.3964120237810456,-1.3964152031383354,-1.3964166107189846
93,2.6417687745064917e-10,3.441765151752801e-11,8.696029224412724e-11,1.5558890246777708e-11,6.677329425975404e-10,3.6097013700081555,-1.3903388735234565,-1.390298811035523,-1.390301126489892,-1.3903026055339003
94,2.4854478679748577e-10,3.416803604667816e-11,8.49862638938302e-11,1.5350215253620858e-11,6.810821657500556e-10,3.6263104908755137,-1.3737297057430127,-1.3736896695082097,-1.3736919408403088,-1.373693518225008
95,2.4485297529868345e-10,3.4383042531120916e-11,8.320146071785924e-11,1.5229849367848445e-11,6.98118596350811e-10,3.649240758983721,-1.3508000918867484,-1.3507594002403172,-1.3507612086338414,-1.3507632697489136
96,2.41183175525126e-10,3.315925789405141e-11,8.105677318782076e-11,1.5019510204285166e-11,6.682411175768023e-10,3.660913749272336,-1.3391270716567412,-1.3390863978910559,-1.3390882022631405,-1.3390902638016797
97,3.2786140119071695e-10,2.5310324918898416e-11,6.678645444507712e-11,2.5458498309232526e-11,6.983539191933374e-10,3.682825986504665,-1.3172148947702982,-1.3171741545478681,-1.3171759861197396,-1.3171759230542779
98,2.857492378762877e-10,7.229077617816538e-11,3.683246774381612e-11,2.6293694476924657e-11,6.412962145445999e-10,3.6969491816419415,-1.303092335225689,-1.3030509499215668,-1.3030527959506455,-1.3030527099978673
99,5.036263086276875e-10,5.3412962650330286e-11,2.7733558919466752e-11,2.6416777032286835e-11,8.714447609148665e-10,3.7083269050662993,-1.2917146074908463,-1.2916740942371536,-1.2916750733154245,-1.291674982355221
100,3.301908547467701e-10,4.1048426617252926e-11,2.1730705059632493e-11,2.6522486664111034e-11,6.85634571611575e-10,3.719305421955285,-1.280736097874459,-1.2806955672282687,-1.2806965492543356,-1.2806964739465723
101,2.907070764187058e-10,1.6567563497572677e-11,3.967071806327802e-11,1.3248133301847016e-11,4.195844723042222e-9,3.73089127794913,-1.269150242782377,-1.2691102244013202,-1.2691106582398928,-1.269110385711571
102,2.442282418559386e-10,1.635707102440088e-11,3.6841021017482475e-11,1.4635170898084364e-11,3.8185585301881095e-9,3.743409207392971,-1.2566323373448427,-1.2565924520820768,-1.2565927115002657,-1.2565924675599647
103,1.934661803195442e-10,1.3053538402990037e-11,3.132711063921611e-11,1.5170579931136484e-11,3.6058997250681655e-9,3.756830243307185,-1.243211310063043,-1.2431714110416816,-1.2431716489814246,-1.2431714322014984
104,1.9900592694867148e-10,4.264087678943275e-11,2.116932558283267e-11,1.4369294099101975e-11,3.6045740053819147e-9,3.77098872946133,-1.2290528359994537,-1.2290129043467417,-1.2290131282647863,-1.229012885231715
105,1.991140360629496e-10,6.342700638936667e-12,2.175872044308209e-11,1.4409870263104962e-11,3.6118456005091482e-9,3.785658485430716,-1.2143830866941006,-1.2143431385668528,-1.2143433393394722,-1.2143430488913467
106,1.6886983370516323e-10,7.021982602890956e-12,2.2127868176607968e-11,1.446167543075673e-11,3.6220222453717406e-9,3.8007597738401886,-1.1992818331966528,-1.1992418239872291,-1.1992420193925764,-1.199241679911883
107,1.691648933104272e-10,7.547742927261367e-12,2.2875985542332282e-11,1.452386151688873e-11,3.63427619953484e-9,3.816162453414094,-1.183879163049869,-1.1838391273491469,-1.1838393099276656,-1.1838389485858734
108,1.6953455553828895e-10,7.803525406582577e-12,2.3871744820559693e-11,1.4594706935810317e-11,3.542654374532204e-9,3.8317120855404627,-1.1683295340105544,-1.1682894886167259,-1.1682896496345154,-1.1682892616374962
109,1.7009243446452364e-10,8.131223316212469e-12,2.460828992007421e-11,1.4671008845494957e-11,3.55694554682168e-9,3.847262610829255,-1.1527790127157462,-1.1527389570337858,-1.1527390979323204,-1.1527386848328955
110,1.709507349080171e-10,8.346230291466429e-12,2.528085262493695e-11,1.4749752750959363e-11,3.572059331826867e-9,3.8626801781516757,-1.137361441732322,-1.137321384112602,-1.1373215440467999,-1.1373210660151207
111,1.7237080080138084e-10,8.261647135206508e-12,2.5633794692515837e-11,1.924572216102784e-11,3.587413378505495e-9,3.877840408073867,-1.122201210012818,-1.122161151090866,-1.1221612919443453,-1.122160829419984
112,1.7219938926814847e-10,8.519206248113324e-12,2.5799936731011227e-11,1.939495354893767e-11,3.247162209396157e-9,3.8926266821246154,-1.107414935762026,-1.1073748759536086,-1.1073750853450826,-1.1073744962637255
113,1.7301548506386412e-10,7.688416551972558e-12,2.5500274546306226e-11,1.911386996567201e-11,3.2624556450876235e-9,3.9068902672153634,-1.0931513534019033,-1.0931112844675708,-1.0931115124276463,-1.0931108707663315
114,2.0618103831113682e-10,7.876580569111525e-12,2.5873427785166456e-11,1.9133403247505748e-11,3.278577212457267e-9,3.9205257208677375,-1.0795158996642975,-1.0794758295372004,-1.079476041158089,-1.079475336292353
115,2.0757187636904584e-10,8.100875343572651e-12,2.6171234696418547e-11,1.986474766306096e-11,3.2940582351987266e-9,3.9334014997291007,-1.0666401218309038,-1.0666000503175135,-1.0666002463583943,-1.0665994887103836
116,2.271048478836027e-10,8.533262613151634e-12,2.6519408410291216e-11,1.9958098494163607e-11,3.3099407640646947e-9,3.945404756272571,-1.0546368662024908,-1.0545967934281157,-1.0545969754377296,-1.0545961984187033
117,2.2664144297134074e-10,8.518515733032696e-12,2.715031986611592e-11,2.0050332677163446e-11,3.3259909666727913e-9,3.956452961727208,-1.043588660701455,-1.0435484479843853,-1.0435487571244928,-1.043548008225934
118,2.2742513868150266e-10,1.220870674468342e-11,2.7145991335635846e-11,2.0140580453469953e-11,3.342044656993356e-9,3.9665218640305033,-1.033519759119993,-1.0334792913996889,-1.0334799151253848,-1.033479017379359
119,2.63595759653105e-10,8.53180412616635e-12,2.7524334045213628e-11,2.0227866144817266e-11,3.3585207221504074e-9,3.9755601284330853,-1.0244814971045972,-1.024440737404044,-1.0244416404479562,-1.0244405903934046
120,1.0382935638541941e-10,8.027069978649651e-12,2.6112521107658254e-11,1.607442259547485e-11,1.4313884508831645e-9,3.9831311408909342,-1.016910483120773,-1.0168697241779534,-1.0168706190207284,-1.0168695176937557
121,1.0364835990697817e-10,7.841280891663288e-12,2.6223165779477258e-11,1.6022272154010183e-11,1.3882432739949164e-9,3.990005701175028,-1.0100358735043062,-1.009995178165455,-1.009996060154289,-1.0099949320824153
122,1.0354256748047259e-10,7.994214375519093e-12,2.6579038366398057e-11,1.5981761116641644e-11,1.3466099257097608e-9,3.9965475987363837,-1.003493816642824,-1.0034533045294465,-1.0034541743541467,-1.0034528558163311
123,1.0347933105727935e-10,7.689412911967174e-12,2.673088185106484e-11,1.5950532576155153e-11,1.3062058509877094e-9,4.002902831973007,-0.9971385754790845,-0.9970981266996388,-0.9970989648640605,-0.9970976603013505
124,1.0341785667640813e-10,7.65597826726897e-12,2.6579334199222053e-11,1.5947434316778784e-12,1.3030768945527512e-9,4.009080615013987,-0.9909611230304641,-0.9909203391266806,-0.990921137758068,-0.9909195568879015
125,1.0336126739188843e-10,7.620530481842362e-12,2.688091743167577e-11,1.5962962929573359e-12,1.2638132964895384e-9,4.015004762470631,-0.9850369051485736,-0.9849962076035657,-0.9849969858195229,-0.984993196486935
126,1.0367802062979952e-10,7.631069732406876e-12,2.6754255490186218e-11,1.6016578822118576e-11,1.2694474964963078e-9,4.019374640238957,-0.980666966106383,-0.9806263357026022,-0.9806271019901088,-0.9806228033780362
127,1.0395624948898778e-10,7.644817310083877e-12,2.6874319460648125e-11,1.606572639535018e-11,1.274142779243126e-9,4.022345722355542,-0.9776953866076864,-0.9776552792832839,-0.9776560128730045,-0.9776497843009436
128,1.0422881098108338e-10,7.666251468013703e-12,2.705222730896245e-11,1.6109031556764452e-11,1.2790904030113309e-9,4.024066063518813,-0.9759748805691234,-0.9759349434762424,-0.9759356641369559,-0.9759294234781979
129,1.1459372659380032e-10,2.8487670271257392e-11,1.6258292358699435e-11,1.4847852305239372e-11,2.1236692785398372e-10,4.023491662446889,-0.9765488636093556,-0.9765093806228937,-0.9765100531462562,-0.976503844690735
130,6.291077693723667e-10,2.331233680563117e-11,1.3248975649363886e-11,1.3721658479413786e-11,1.4994906705765195e-10,4.021488035604299,-0.978552496510002,-0.9785129756419414,-0.978513664717235,-0.9785074187705687
131,5.15341720780227e-10,1.668264234299481e-11,1.1241432680466666e-11,1.3608922683297923e-11,1.0505706236406284e-9,4.018683987229814,-0.9813565340695328,-0.9813170227641358,-0.9813177022016887,-0.9813114604936319
132,4.73655882496201e-11,1.5076313609810688e-11,9.717522020598381e-12,1.1980949039073594e-11,8.691982728382715e-10,4.016074498130958,-0.9839659209119933,-0.9839272247111064,-0.9839271777797828,-0.9839209972269175
133,3.38719111450737e-11,2.7887982601816937e-12,7.739187266379727e-12,1.1189332887484116e-11,5.15331634032485e-10,4.013353577493823,-0.9866868463163364,-0.9866481107193736,-0.9866480816820159,-0.9866419213554474
134,2.2346191188450919e-10,8.452465422254122e-12,4.125917493320335e-11,1.1206428228307693e-11,4.213660282862719e-10,4.010395960847173,-0.9896463423719922,-0.9896062705340649,-0.9896056784549124,-0.9895995194580003
135,3.137103701108638e-11,7.688262054839339e-12,3.853300600866749e-11,1.1603219982512628e-11,3.7637412500383707e-10,4.007190426675251,-0.9928516436191905,-0.9928119215838669,-0.9928111903250726,-0.9928050409306697
136,2.976808330810722e-11,6.9145880313910995e-12,3.4297686342972355e-11,1.1848351154813142e-11,3.8023889834620956e-10,4.003760831240978,-0.9962809599501553,-0.9962415749770136,-0.9962407613688485,-0.9962346495143547
137,2.2834860440137015e-10,1.1968625789142442e-11,3.49673591228946e-11,1.1721298409922745e-11,3.6868874601193656e-10,3.9999765808446677,-1.0000652312327685,-1.0000258243296234,-1.0000249678812774,-1.0000191495673074
138,2.2366953730613443e-10,6.5508122765605995e-12,3.5143644690808816e-11,1.1601928047361291e-11,3.564840125304319e-10,3.9953965112518595,-1.004645241878419,-1.0046061157080142,-1.0046050925655865,-1.0045992188369235
139,2.1970639857538959e-10,6.751023042139033e-12,3.4937531454715084e-11,1.1499543256671556e-11,3.443306554569948e-10,3.9897290858334933,-1.0103126688720605,-1.0102739911516259,-1.0102725589341988,-1.0102666284054702
140,2.1996678080351207e-10,6.5497417790757084e-12,3.4609394897139765e-11,1.1487695880556997e-11,3.438522778224138e-10,3.98382266036485,-1.016219100937644,-1.016180729374984,-1.0161790428027058,-1.0161729946910187
141,2.2182458672226698e-10,6.64274877904354e-12,3.491749937031669e-11,1.1474370756722679e-11,3.4341547759869537e-10,3.9777565593096993,-1.022285223512778,-1.0222473583273353,-1.0222451544259405,-1.0222390940805655
142,2.1999669593209684e-10,9.577719013571674e-12,3.1859362473973535e-11,1.1944370127868508e-11,3.42832719288201e-10,3.9716023827749654,-1.0284393976470334,-1.0284019552146346,-1.0283993412199683,-1.028393211040915
143,2.1926163591125747e-10,9.4909407689567e-12,3.166507543824685e-11,1.1929050515242068e-11,3.420507393969167e-10,3.965355307140266,-1.0346864750219944,-1.034649360508597,-1.0346464182282253,-1.0346402659684009
144,2.1895068629716585e-10,6.347346078550901e-12,3.110180615940649e-11,1.1912745511146274e-11,3.4117856330680334e-10,3.9589544394818583,-1.0410872086596683,-1.041050593780024,-1.041047295522788,-1.041041073719503
145,2.1883740194315548e-10,6.905629120625461e-12,3.1053558666182945e-11,1.1895817600528236e-11,3.404885630842532e-10,3.9524101758130232,-1.0476314628235561,-1.0475952492543754,-1.0475915684737789,-1.0475853162731512
146,2.189898589369247e-10,6.66521828444705e-12,3.088871984765828e-11,1.1878433196540825e-11,3.398404192207051e-10,3.9457903660965794,-1.0542512874762535,-1.054215892808469,-1.0542113954755234,-1.0542051046875114
147,2.2544476013618992e-10,9.402151138931319e-12,3.132824891940462e-11,1.1947304999887508e-11,3.521317615868062e-10,3.9422665696092203,-1.057774730558782,-1.0577399121938025,-1.0577351950049894,-1.0577290693449093
148,2.975385953983501e-11,6.214494024923785e-12,3.125532080575693e-11,1.2024074143299539e-11,3.643190887958654e-10,3.94073064075215,-1.059310593318167,-1.059275841553172,-1.0592711202409133,-1.059265592643202
149,3.005513605256476e-11,6.0361979932206645e-12,3.193675051637577e-11,1.2109918070327763e-11,3.7627525191334124e-10,3.9405459170166792,-1.0594952529506205,-1.0594605871952185,-1.0594558530942761,-1.0594503197204663
150,3.13146280137227e-11,6.029395212520578e-12,3.1794498760483094e-11,1.2206229217374551e-11,3.8776500726256984e-10,3.941312721894056,-1.058728452327292,-1.0586937809262713,-1.0586890440460741,-1.058683497829394
151,2.9366617876522185e-11,6.032548517170079e-12,3.209106716884357e-11,1.2314425027059531e-11,3.495493103644554e-10,3.9427422336136626,-1.0572989495483955,-1.0572642729398494,-1.0572595221328038,-1.0572539719268588
152,3.2104943996244955e-10,9.943475562649331e-12,4.7220298733180277e-11,2.037617015197795e-11,1.0425247167156446e-9,3.944642811049616,-1.055398372643156,-1.0553637316975562,-1.0553588059062895,-1.055353389323017
153,3.1986054583497805e-10,9.997776771851545e-12,4.726212196544761e-11,2.0356058282727468e-11,1.0352944243109309e-9,3.9443485780156293,-1.0556926066441596,-1.0556579880558363,-1.0556529071025729,-1.0556476156276813
154,6.550140219336922e-11,1.0160184306586791e-11,4.830021985127263e-11,2.0337030155306403e-11,1.0310375426849826e-9,3.94300654825276,-1.057034638611346,-1.057000073193587,-1.0569947981918695,-1.0569896393355775
155,6.398013589676031e-11,1.0020182149495043e-11,4.9336683069124846e-11,2.0318280986354486e-11,1.0287487149222419e-9,3.941237806228892,-1.0588033813399826,-1.0587688359010605,-1.0587634010854041,-1.0587583751852834
156,6.383694318332059e-11,1.0433269996323735e-11,4.9396896113450674e-11,2.0301151177348685e-12,1.0264812328981824e-9,3.9393701705667965,-1.0606710262336922,-1.0606364912650526,-1.0606309741665616,-1.0606260054617371
157,6.373764082180305e-11,1.039422177114053e-11,4.862890672607972e-11,2.0283359085202776e-12,1.0246217658521292e-9,3.9375089923109456,-1.0625322058898445,-1.0624976873954517,-1.062492165975397,-1.0624871774113671
158,6.364010638326033e-11,9.84656687003852e-12,4.8967646741934194e-11,2.026575541764537e-12,1.0228501482432335e-9,3.9357440384469244,-1.0642971612377266,-1.064262677850855,-1.0642571332533606,-1.0642521244436176
159,6.355932989791219e-11,9.86742005359898e-12,4.93694111505038e-11,2.0248443703368046e-12,1.0213542570971142e-9,3.9341739935830478,-1.065867208114285,-1.0658327501590616,-1.0658270371519152,-1.0658221629437743
160,5.450335302706961e-11,9.9009751666238e-12,4.9634401287596755e-11,2.0231258246277086e-12,1.0197669573547634e-9,3.9328561623760248,-1.067185040290057,-1.067150616957411,-1.0671447270646635,-1.0671399873378735
161,5.444779244052594e-11,9.955178550138873e-12,5.0809281187656244e-11,2.021424723007608e-12,1.017742853929827e-9,3.9318034821379744,-1.068237721344988,-1.0682033178670727,-1.068197343571686,-1.0681926611778463
162,5.438459150318409e-11,1.0053614187682734e-11,5.0733191648476444e-11,2.019670447469542e-11,1.0153071442308565e-9,3.9310174898496775,-1.0690237146370947,-1.0689893384091842,-1.0689831940304624,-1.0689786500490877
163,5.43021769387322e-11,1.056318046925304e-11,5.016701001134375e-11,2.0179930108078275e-11,1.0122474743405312e-9,3.9304408533510555,-1.0696003518991062,-1.0695660821449529,-1.0695596936850544,-1.0695552832268647
164,5.4209655950417697e-11,1.0074558167936786e-11,5.0056797966722536e-11,2.016288941017035e-11,1.0085989717099697e-9,3.929984761522345,-1.0700564538429285,-1.0700221931300167,-1.0700156432231964,-1.0700113714494184
165,5.411678115024575e-11,1.02801981115288e-11,5.083857555575953e-11,2.014566991712884e-11,1.0047040123413078e-9,3.929603153466286,-1.0704380624828809,-1.070403822470183,-1.0703971872794025,-1.0703929759295567
166,5.404040920665427e-11,1.93023699356368e-11,5.038563073767557e-11,2.0128490097011623e-11,1.0009233138451848e-9,3.9292908829567508,-1.0707503365600357,-1.0707161173754927,-1.0707093150696676,-1.070705251052901
167,5.397729323083722e-11,1.873518399611399e-11,5.090251486687927e-11,2.011137500502812e-11,9.967758800146655e-10,3.929060147052666,-1.0709810746344706,-1.0709468811655825,-1.0709399081130944,-1.0709359834778716
168,5.401202225121245e-11,1.0107054037486473e-11,5.1161674124044074e-11,2.0094664470726672e-11,9.9276958871601e-10,3.9289237466061144,-1.0711174772788776,-1.071083309988299,-1.0710761655946124,-1.0710723886674782
169,5.48680942994692e-11,1.0668287329550054e-11,5.082290944692955e-11,2.007832343266432e-11,9.885298737838223e-10,3.928890905329569,-1.0711503196262113,-1.0711161853019855,-1.0711088637861754,-1.07110522647152
170,5.377086586889408e-11,1.9742353383137218e-11,5.139322132046124e-11,2.0062640145699928e-11,9.84065475801612e-10,3.9289519553870975,-1.0710892701215668,-1.071055165056633,-1.07104767055334,-1.0710441729622024
171,5.353908965375954e-11,9.955419085136108e-12,5.04750741330742e-11,2.0047538243699886e-11,9.790204762449481e-10,3.929115868851733,-1.0709253570892558,-1.0708912808416857,-1.0708836929576566,-1.0708802519433527
172,5.333821358416702e-11,1.0063685251323612e-11,5.1150418388706485e-11,2.003364003669124e-11,9.739004576194944e-10,3.9293908879955946,-1.0706503417437887,-1.070616285181571,-1.07060853058016,-1.0706052295952349
173,5.3144399168807656e-11,1.073428768916394e-11,5.117154204245305e-11,2.0020870736543793e-11,9.68942450202597e-10,3.929784423682184,-1.0702568074068395,-1.0702227727000548,-1.07021485175072,-1.0702116904935677
174,5.2951951096897556e-11,1.0273957065990069e-11,5.106338168659963e-11,2.0008812547117655e-11,9.640814711708657e-10,3.9302651242328666,-1.0697761090727194,-1.0697421241469043,-1.0697340138984275,-1.069730986538351
175,5.277103562836172e-11,1.0224425176891323e-11,5.114676521255301e-11,1.9997579941314393e-11,9.594074819055074e-10,3.9308130023896024,-1.0692282327039138,-1.0691942668696048,-1.0691859928063214,-1.069183104979317
176,5.260288738001866e-11,1.0047506835481486e-11,5.137062595771833e-11,1.9987024176868164e-11,9.547946105398022e-10,3.9314329560531833,-1.0686082934748031,-1.0685743382757897,-1.0685660516875337,-1.068563145085478
177,5.245586069913864e-11,1.018673802179015e-11,5.3317168546715865e-11,1.9977122260798923e-11,9.504316725293303e-10,3.932118624757029,-1.067922626113027,-1.067888687015496,-1.0678803191415112,-1.0678774701693217
178,5.233540450481723e-11,1.0744931094860824e-11,5.2397329517782723e-11,1.9967576196346243e-11,9.464632298649414e-10,3.9328371032463436,-1.0672041572491215,-1.0671702392749158,-1.0671616983118355,-1.06715898506582
179,5.2214017701821034e-11,1.2049414764878995e-11,5.201288044625891e-11,1.9957898816385543e-11,9.419696566507514e-10,3.933549005779719,-1.066492256314733,-1.0664583525672244,-1.0664497495845509,-1.066447076363821
180,5.210296027593964e-11,1.059643319240726e-11,5.1830826970822706e-11,1.9948187581248837e-11,9.37486861167819e-10,3.934188858452461,-1.0658524054355154,-1.0658185198324261,-1.065809754739765,-1.0658072175445454
181,5.2031941760648966e-11,2.082820429823769e-11,5.1900144515192994e-11,1.9939100250811862e-11,9.33742257268022e-10,3.93478508677338,-1.0652561784478283,-1.0652223148591882,-1.0652133843568874,-1.0652109838931971
182,6.489083531786896e-11,1.0123238745367575e-11,5.182002592209235e-11,1.9930573400974197e-11,9.542557757699962e-10,3.9353668297049746,-1.0646744372982258,-1.064640597391045,-1.0646314995928106,-1.064629235687509
183,6.490503925971791e-11,1.0563634526551528e-11,5.247192760621055e-11,1.9922982430842564e-12,9.283272560503301e-10,3.935945850436923,-1.0640954180555637,-1.064061595174364,-1.0640523767645647,-1.0640502083522743
184,6.502092763598739e-11,2.0391079111968592e-11,5.1621497407600326e-11,1.9915101372187424e-12,9.263267731893247e-10,3.9365394024009492,-1.0635018728160788,-1.0634680741025078,-1.0634587059887146,-1.0634566502268512
185,6.544668701025487e-11,1.0101773823706973e-11,5.125463954077935e-11,1.990721954927166e-12,9.243777781771963e-10,3.9372002878395627,-1.0628409697863521,-1.0628072167911473,-1.0627977189513398,-1.062795759477301
186,6.555191120275014e-11,1.0323248397437936e-11,5.125837580363408e-11,1.989904665101486e-12,9.227418221309495e-10,3.9379592756513544,-1.062081974104783,-1.0620482929336412,-1.0620386842842384,-1.062036764972445
187,6.519320660925643e-11,1.0157085182853738e-11,5.1791962220184523e-11,1.9891066140006796e-12,9.210494612275942e-10,3.9388334225628046,-1.0612078273961034,-1.0611741698975876,-1.0611644363789003,-1.0611626119398005
188,6.52411904499085e-11,1.0354527849907191e-11,5.176955717286514e-11,1.988323168088757e-12,9.19312022565142e-10,3.9398469998707264,-1.0601942454750994,-1.06016061144064,-1.0601507417982605,-1.060149028528957
189,6.535112131777191e-11,2.1069135693897582e-11,5.3095315397559617e-11,1.987545300264572e-12,9.176760133734955e-10,3.941015951177324,-1.0590252970533485,-1.0589917036538188,-1.0589816737717963,-1.0589800719340565
190,6.55818812520233e-11,1.0547297919390396e-11,5.376784488771934e-11,1.9867826100506617e-12,9.161157653327408e-10,3.9423405472184623,-1.057700705266487,-1.0576671381808966,-1.0576569616560494,-1.057655470675322
191,6.621833990608537e-11,1.1470403760259426e-11,5.2860679473598276e-11,1.985998701644533e-12,9.142900117167384e-10,3.9437857918732004,-1.0562554559974047,-1.0562218996040929,-1.0562117230779189,-1.0562102199889796
192,6.634266988008742e-11,3.2455705457214957e-12,5.278405246915417e-11,1.9851440220292738e-12,9.118072128316268e-10,3.945290371544741,-1.0547508656192863,-1.0547173415590578,-1.0547070446684568,-1.054705634311551
193,6.685716621988754e-11,3.293826286675385e-12,5.351035055865112e-11,1.9842634697608333e-12,9.315165513131997e-10,3.9468390978584638,-1.053202132380622,-1.053168646042378,-1.0531582037763785,-1.053156907645562
194,6.583646596840658e-11,3.1965327502338178e-12,5.273074004297318e-11,1.9833672063187724e-12,9.050960771173886e-10,3.9484195448187105,-1.051621690245547,-1.0515882326376558,-1.0515777118152079,-1.0515764604833224
195,6.571521876487624e-11,1.07455989217211e-11,5.251485351163387e-11,1.9824381984198612e-12,9.009040195744901e-10,3.9499774550494844,-1.0500637841806837,-1.0500303566594462,-1.0500196880331536,-1.0500185442837868
196,6.562209102624941e-11,1.1664326430572862e-11,5.30645372636377e-11,1.981478036376491e-12,8.970516798067575e-10,3.9514827545705358,-1.0485584896192737,-1.0485251386241083,-1.0485143945026245,-1.0485132396312318
197,6.554948905959147e-11,1.0924395485753423e-11,5.3247108132310817e-11,1.980509857433173e-12,8.934683183820283e-10,3.9529266853118035,-1.047114560961205,-1.047081223940567,-1.0470703674402155,-1.0470693037822139
198,6.549604486002084e-11,1.0778771355003191e-11,5.3801040972904656e-11,1.9794972827201015e-12,8.902399071981013e-10,3.9543224969470323,-1.045718757561965,-1.045685449209095,-1.045674459943556,-1.0456734870528535
199,6.545387216584307e-11,1.1002105676966803e-11,5.3614687694252967e-11,1.978415013766399e-12,8.87161223694161e-10,3.955665886295782,-1.0443753771094075,-1.0443420906247662,-1.044330959192552,-1.0443300908602478
200,6.542921040749119e-11,3.1445030178430693e-12,5.39667054009002e-11,1.977260362676517e-12,9.0619431420598e-10,3.956871688186307,-1.0431695550745128,-1.0431363452327092,-1.0431250463887853,-1.0431242821130695
201,6.543614181677627e-11,1.0970988405981663e-11,5.430768254417217e-11,1.976009884836299e-12,8.812609394269535e-10,3.957877948111734,-1.0421633029591286,-1.0421301033901167,-1.0421186759262815,-1.0421180171087845
202,5.5350288675680363e-11,1.2353690212039589e-11,9.281460688073121e-12,1.9368377738777724e-12,9.882216353135104e-10,3.958642916857406,-1.0413983099517259,-1.0413652082569846,-1.0413535922673016,-1.041353190192046
203,5.986536721692331e-11,1.4032766738111938e-11,1.0109688584136071e-11,1.900286733427877e-12,1.073920921982984e-9,3.9590293468239155,-1.0410118798630001,-1.0409788193092588,-1.0409672742281237,-1.0409668811923145
204,6.787749450603033e-11,5.053626586335608e-12,1.1445685514955185e-11,1.90043578556736e-12,1.1031030733836378e-9,3.958973419245712,-1.0410678240148972,-1.0410348075209224,-1.0410233602333339,-1.0410227909919525
205,1.0368551152058258e-10,2.6711571655622985e-11,1.4477537046540877e-11,1.9593405714508583e-12,1.0185386587249605e-9,3.9584793069431417,-1.0415619340282587,-1.041528953775683,-1.0415172628244809,-1.0415168998915507
206,1.361813404138522e-10,3.0920894656242454e-11,1.6926641187333648e-11,1.8890678986492897e-12,2.468321575813572e-10,3.957631504989558,-1.0424097365575782,-1.0423765528118054,-1.0423652519872568,-1.0423647027540224
207,1.3641814604179558e-10,7.448221552566203e-12,1.6847440844771533e-11,1.8872722219070545e-12,2.4686170201969685e-10,3.9564860343778867,-1.0435552070408494,-1.0435218919918958,-1.0435105756168335,-1.0435101741955093
208,1.3662790546473098e-10,7.3488347332802e-12,1.72644139063051e-11,1.8856841893847707e-12,2.471895726313409e-10,3.9552302912053277,-1.0448109519672626,-1.044777653505698,-1.0447663176179178,-1.044765918081876
209,1.366930502318311e-10,7.366009110888701e-12,1.6858912902011125e-11,1.8842704008907764e-12,2.4728599878500656e-10,3.9539857209854588,-1.0460555227621329,-1.0460218465477416,-1.046010740638009,-1.046010489002594
210,1.366546752312775e-10,2.950060104234815e-11,1.674373075621752e-11,1.8829766796228174e-12,2.4723454030076964e-10,3.9528347805492534,-1.0472064633383082,-1.0471727978648624,-1.0471616823021208,-1.0471614301239678
211,1.3637393882622034e-10,2.997792948910212e-11,1.672503587496649e-11,1.8818397514061467e-12,2.4662740158198256e-10,3.951846840119536,-1.048194410687282,-1.048160462907558,-1.0481494529056297,-1.0481493713303298
212,1.3602211642293816e-10,2.949175257174588e-11,1.678142208560583e-11,1.8808540876512916e-12,2.4589315394257533e-10,3.9510643907202048,-1.0489768610405177,-1.048942812751911,-1.0489318892928745,-1.048931821503633
213,1.3555521070029587e-10,2.973021984943522e-11,1.7135265035769902e-11,1.8800208988122127e-12,2.449006172635339e-10,3.9505168340834023,-1.0495244185149144,-1.049490159755532,-1.049479432903537,-1.0494793789204468
214,1.3498955154437472e-10,3.0230733095731743e-11,1.6910478899952206e-11,1.879317467271585e-12,2.436849927890576e-10,3.9502185283425075,-1.0498227272563891,-1.04978848862234,-1.0497777256281708,-1.0497776532881902
215,1.3430274831013982e-10,7.658849893183354e-12,1.683202418607829e-11,1.8787251285334034e-12,2.421829650304289e-10,3.950136261101491,-1.0499050039068134,-1.0498707019386753,-1.049859991731219,-1.0498599213354498
216,1.335714558249935e-10,7.601913454485929e-12,1.680482234775369e-11,1.8781988951086803e-12,2.405652015381783e-10,3.9502620689711034,-1.0497791991651906,-1.049744921983927,-1.0497341707607084,-1.0497341141892296
217,1.3280429859768375e-10,7.550129075113511e-12,1.6768789974818965e-11,1.8776406427958272e-12,2.388460370725732e-10,3.95060693398326,-1.0494343343780896,-1.0493999194429593,-1.0493893045059273,-1.0493892499203898
218,1.3210294666605565e-10,2.999818629680172e-11,1.6926398638256188e-11,1.8770897773487215e-12,2.3725078369372797e-10,3.9511702462315585,-1.0488710226711802,-1.0488365641719055,-1.04882589701363,-1.048825938429812
219,1.314458316230943e-10,2.9712181290883276e-11,1.6790340720190264e-11,1.8764827065654695e-12,2.357693727884163e-10,3.951940752987881,-1.0481005154946936,-1.0480657644743443,-1.0480552952325581,-1.048055432550698
220,1.3084413802147928e-10,2.998014823273406e-11,1.68524209607141e-11,1.8758255354880216e-12,2.3444006171772024e-10,3.9528711233689697,-1.0471701409915037,-1.0471353929496356,-1.0471248299685803,-1.047125063071527
221,1.3027302794070477e-10,3.0499952102552375e-11,1.6736249798497037e-11,1.875123488439001e-12,2.331960809257919e-10,3.9539214307364072,-1.046119831910222,-1.046085094531224,-1.0460744278417629,-1.0460747566305313
222,1.297813801751767e-10,3.1715187660896606e-11,1.6769922774323498e-11,1.87437621825465e-12,2.3217877722419738e-10,3.9550695642953655,-1.0449717059112336,-1.0449369990664883,-1.0449264447831668,-1.0449266240250272
223,1.293256251934927e-10,7.341669228159751e-12,1.6882201545070482e-11,1.8735836357378814e-12,2.3124118949889693e-10,3.9562948016654453,-1.0437464689530496,-1.0437114200409072,-1.0437011128761444,-1.0437013876292787
224,1.290216490113007e-10,3.007191492264251e-11,1.710374026077046e-11,1.8727788087695343e-12,2.3068243703874615e-10,3.9576027299943064,-1.0424385384147046,-1.0424032899886033,-1.0423931772937929,-1.0423934601920992
225,1.2286619397105343e-10,4.307735578220302e-11,2.011279946553687e-11,1.987475067464152e-12,2.8338525690634277e-10,3.9589984123776687,-1.0410428575508377,-1.0410076105929729,-1.0409974708371907,-1.0409977827657932
226,1.5253576047497187e-10,1.1026152756666643e-11,2.5060352640956477e-11,1.924227308652683e-12,3.2178801021654866e-10,3.960441004450778,-1.039600278305478,-1.0395651189110264,-1.039554875271407,-1.0395551920948418
227,1.926988613948886e-10,8.635525522371622e-12,2.9043349367348252e-11,1.9584882159155635e-12,2.9180726432973138e-9,3.961898479447257,-1.0381428041809766,-1.038107632821855,-1.0380973930724842,-1.0380976563431343
228,2.0498473657890788e-10,1.4489518302933746e-11,3.449193559945161e-11,2.079876745000483e-12,3.3831840906299834e-9,3.9633440243460663,-1.0366972979923876,-1.036662083724424,-1.0366518243953227,-1.0366520982743281
229,2.3097286813703382e-10,1.7513238916847693e-11,4.0614752048416315e-11,2.2752473452735818e-12,3.6160019324662936e-9,3.964770356961294,-1.0352710132923335,-1.0352357688805718,-1.0352254776593492,-1.0352257362783488
230,3.1134167086857674e-10,1.9406177750612152e-11,4.4714616542963935e-11,2.5960912222697506e-12,4.015075738931313e-9,3.966178617393121,-1.0338628094585647,-1.0338275026864985,-1.0338171948778192,-1.0338174730474259
231,3.770625162384829e-10,2.3092402230590727e-11,2.7161608276051145e-11,2.815831980843029e-12,6.99080268406427e-10,3.967564662796378,-1.0324767735941929,-1.0324414959955355,-1.0324311493407083,-1.0324314197839193
232,3.783437040356686e-10,5.764473987385681e-11,2.721302680280856e-11,2.8147399762295993e-12,7.001986887766615e-10,3.9689252633634515,-1.0311161754032367,-1.0310809236557208,-1.0310705481316074,-1.0310708123101835
233,3.7924324072197713e-10,5.7085922372032686e-11,2.7356736724892165e-11,2.8137307585040815e-12,7.03376616565927e-10,3.9702715082853155,-1.0297699477228177,-1.0297347207997436,-1.0297242909570303,-1.0297245606764929
234,3.7995847892222606e-10,5.724239627196409e-11,2.74615468252501e-11,2.8128302052689373e-12,7.059134394253041e-10,3.9716180610097056,-1.0284234066534965,-1.0283881563662864,-1.0283777368833125,-1.0283779999563922
235,3.7997947599141764e-10,5.742006167602979e-11,2.773457584808947e-11,2.8120147876236362e-12,7.062542361629419e-10,3.972956733196727,-1.0270847362197553,-1.0270495038703131,-1.02703906422098,-1.0270393368107513
236,3.7941396704627647e-10,5.7638790354543046e-11,2.7470468657527667e-11,2.8112900450023765e-12,7.046793011795021e-10,3.974291337059076,-1.0257501362218535,-1.0257149271124635,-1.025704459022887,-1.0257046734767028
237,3.7859993108571856e-10,2.1386010736986907e-11,2.7499958680299098e-11,2.8106495569197613e-12,7.027024539537729e-10,3.9756273464597585,-1.0244141448373074,-1.0243789278951094,-1.0243684453056663,-1.024368681267368
238,3.7773473472201406e-10,2.16536625393904e-11,2.7534157178212664e-11,2.8100627802685894e-12,6.994018270588132e-10,3.9769597673928234,-1.0230817334975133,-1.0230465238140778,-1.023036023106486,-1.0230362625604306
239,3.761717612247046e-10,2.1479884578645287e-11,2.7568664499292482e-11,2.8095581854112027e-12,6.924973135746939e-10,3.978279741116246,-1.0217617694971401,-1.0217265416732761,-1.0217160488395363,-1.021716303146707
240,3.735896057275284e-10,2.149999905594591e-11,2.7598879623154194e-11,2.809108140717821e-12,6.839631813736454e-10,3.979565081837478,-1.0204764370620956,-1.0204412124829878,-1.020430704384846,-1.0204309546600872
241,3.707945043715556e-10,2.155128996716956e-11,2.763132911533853e-11,2.808730601045359e-12,6.767196627150928e-10,3.9808208654323742,-1.0192206710548763,-1.0191854450701359,-1.0191749197896582,-1.0191751633628698
242,3.6815701475281526e-10,2.1610272746212218e-11,2.7664120826008968e-11,2.808427773609921e-12,6.703365110594387e-10,3.982052423980383,-1.017989147160059,-1.017953935285869,-1.0179433606346853,-1.017943601035417
243,3.656964978439044e-10,2.167193369225726e-11,2.7695627781002238e-11,2.808190562346574e-12,6.645295259584153e-10,3.98325363506651,-1.0167879493534564,-1.0167527265384095,-1.0167421483396661,-1.0167423996861036
244,3.6335862148750585e-10,2.1721407514008128e-11,2.7721995041135376e-11,2.80799121638575e-12,6.588061533740304e-10,3.9843947573516822,-1.0156468259676048,-1.0156116125976113,-1.015601025456312,-1.0156012698835297
245,3.6156061019963215e-10,2.1733255027257e-11,2.775086246903226e-11,2.8078535267468847e-12,6.541884538532693e-10,3.9854843834397267,-1.0145572270803127,-1.014521996697327,-1.0145113987973449,-1.0145116805896977
246,3.6016267540965825e-10,2.1687568359289405e-11,2.77776248349167e-11,2.8077623935529425e-12,6.50213611952203e-10,3.986519594555607,-1.0135220374196892,-1.0134867958622098,-1.0134761877860634,-1.0134764639952016
247,3.5915485008063097e-10,2.260674669420536e-11,2.7804595558844944e-11,2.807718262548288e-12,6.466240335001326e-10,3.9875001586488446,-1.0125415179847543,-1.0125062853382247,-1.0124956214918752,-1.0124958984592791
248,3.5909070381930647e-10,2.2523666662096284e-11,2.7832657324269497e-11,2.807723582278337e-12,6.439582101606385e-10,3.9884360984420124,-1.011605593280547,-1.0115703516401517,-1.0115596805698435,-1.011560071210267
249,3.607741801773176e-10,2.245586572240951e-11,2.7858532935117863e-11,2.8077595502837766e-12,6.409654855751402e-10,3.989312773625012,-1.010728950671637,-1.0106936766534722,-1.0106830048501119,-1.0106833923629963
250,3.575385430664897e-10,2.2400739758354095e-11,2.7886156711575764e-11,2.8078295107400823e-12,6.383159145926949e-10,3.990129227287548,-1.0099125076229991,-1.0098772416418893,-1.0098665507168918,-1.0098669354697516
251,3.5568183010000416e-10,2.2355201715073192e-11,2.7915137019067728e-11,2.8079405635526505e-12,6.357023929028743e-10,3.9908863408307407,-1.0091554109565626,-1.009120184857926,-1.0091094358711508,-1.0091098247217924
252,3.547156785749555e-10,5.815698719961968e-11,2.7946982531453353e-11,2.8080974230215676e-12,6.33618035048968e-10,3.9915950224510457,-1.008446734217178,-1.0084115314673998,-1.0084007537358295,-1.0084011882214134
253,3.5376236438324707e-10,5.8090293190686287e-11,2.7979122394969683e-11,2.8082768207780924e-12,6.314700076603078e-10,3.9922469468163446,-1.0077948275887236,-1.0077596562879143,-1.0077488284376328,-1.007749261850629
254,3.5298452320122767e-10,5.802749529855242e-11,2.801439946508245e-11,2.808491283749965e-12,6.297660589072026e-10,3.9928478233251155,-1.0071939768177713,-1.0071588469970605,-1.007147936489082,-1.0071482788689172
255,3.5242719931091505e-10,5.7969754891071334e-11,2.805005965109257e-11,2.8087382595065297e-12,6.285392179221849e-10,3.9934111104637044,-1.0066307018727858,-1.0065955669306268,-1.006584648976429,-1.0065849924096102
256,3.516334181587931e-10,5.7910519214027335e-11,2.8070726889857815e-11,2.8089832789014098e-12,6.267537611367992e-10,3.9939117153180113,-1.0061301100153477,-1.0060950209848787,-1.0060840426101205,-1.006084389060682
257,3.511187926553025e-10,5.785449590382723e-11,2.807385676061076e-11,2.8092492437382205e-12,6.256016977484456e-10,3.9943642271023987,-1.0056776125262308,-1.0056425111424199,-1.0056315299135417,-1.0056319139848187
258,3.5059332641967845e-10,5.779785323129446e-11,2.8043690295957195e-11,2.8095170534951255e-12,6.243833550406248e-10,3.994760118719664,-1.0052817295457337,-1.005246637256253,-1.0052356379287422,-1.0052360535280407
259,3.5025430982718307e-10,5.774331037288444e-11,2.7991352378834436e-11,2.809796018581449e-12,6.235752013080881e-10,3.995113512772814,-1.0049283405361624,-1.0048932692657904,-1.0048822435454026,-1.0048826905999804
260,3.499226959620477e-10,5.768960580951869e-11,2.7932141432377894e-11,2.8100764089730974e-12,6.22771638813061e-10,3.995424518693722,-1.0046173965206495,-1.004582262726132,-1.0045712339314732,-1.0045715780981845
261,3.498711663585291e-10,5.7639755456219636e-11,2.7883714863545883e-11,2.810360980633455e-12,6.226471259807673e-10,3.9957096599388207,-1.0043322647744541,-1.0042971400287057,-1.0042860895654988,-1.004286482655042
262,3.4958207111757815e-10,5.758952550567663e-11,2.7841698270495187e-11,2.8106381210885876e-12,6.21861945682251e-10,3.9959563467556185,-1.0040856108062644,-1.0040504727196133,-1.0040394020667651,-1.0040397935830487
263,3.494522377741658e-10,5.754089398094411e-11,2.7808794085239192e-11,2.810905078675156e-12,6.214120777523198e-10,3.996167373737578,-1.003874612642112,-1.0038394775493835,-1.0038283747959995,-1.0038287659478935
264,3.4944017015227296e-10,5.74944694742673e-11,2.7784781975754155e-11,2.8111660067924846e-12,6.211229512425989e-10,3.9963487545108807,-1.0036932391026971,-1.003658125963623,-1.0036469931216028,-1.003647408622829
265,3.4948086891335756e-10,5.744949613664356e-11,2.7762951497443008e-11,2.8114142526584717e-12,6.207878946744545e-10,3.996498410007509,-1.0035435948690408,-1.0035085162072461,-1.0034973372393141,-1.0034977525533226
266,3.497240902091364e-10,5.7406714880891397e-11,2.7746002300104816e-11,2.8116464531321178e-12,6.205903814821039e-10,3.9966208836607553,-1.0034211853279764,-1.0033860708839362,-1.003374862499646,-1.003375278360878
267,3.508681495355504e-10,5.7367402120788374e-11,2.7733358691895854e-11,2.8118661204774776e-12,6.206956083440386e-10,3.9967253729885805,-1.0033167031047334,-1.0032816655620251,-1.0032703725215615,-1.0032707885156122
268,3.5032984949436855e-10,5.732943024389815e-11,2.7721471127018393e-11,2.81207197925881e-12,6.204595230843646e-10,3.9968077023979123,-1.0032343885220985,-1.003199363141227,-1.0031880422147497,-1.0031884899902253
269,3.498233861081989e-10,5.729195762182942e-11,2.7707201677622297e-11,1.2547815317686975e-12,6.202468623741285e-10,3.9968644965794975,-1.0031776336314833,-1.0031426029890362,-1.003131247729138,-1.0031317256360281
270,3.497700447850585e-10,5.7255839776604366e-11,2.768970193896008e-11,1.2550327598571809e-12,6.201380501721601e-10,3.9969015315147667,-1.0031406127538827,-1.0031055899295647,-1.0030942121015562,-1.0030946828279323
271,3.4972949059769175e-10,5.7221498827460655e-11,2.7667719803870832e-11,1.2553123599981217e-12,6.20046934049967e-10,3.9969251529832808,-1.0031170051899352,-1.003082011222933,-1.0030705875318575,-1.003071060882765
272,3.497104654680451e-10,5.7188418142245264e-11,2.7639314891817335e-11,1.2555752540012698e-12,6.200175751041599e-10,3.9969345163520935,-1.003107659490536,-1.003072648395896,-1.0030612237698413,-1.0030615911348566
273,3.4966828847376256e-10,5.715567863205587e-11,2.7608028206713128e-11,1.2558393475023056e-12,6.19896609231741e-10,3.9969251299031954,-1.0031170468546415,-1.0030820419536934,-1.0030706098257327,-1.0030709769145776
274,3.4960201679496207e-10,5.712350456930592e-11,2.7578270729101164e-11,1.2560917514515765e-12,6.197125847494202e-10,3.996896536092954,-1.003145651437315,-1.00311062739187,-1.003099202638784,-1.0030995906186737
275,3.4963931375997173e-10,5.7093618155078e-11,2.7552007793817025e-11,2.8265210269155493e-12,6.198318423026947e-10,3.9968580118091652,-1.003184177949001,-1.0031491664309309,-1.0031377265491983,-1.0031381144275677
276,3.496381950102774e-10,5.7065573934210126e-11,2.7528927608639765e-11,2.8267601570907106e-12,6.198533528385734e-10,3.9968139135025758,-1.0032282974078837,-1.0031932895299411,-1.0031818246284876,-1.0031822436298174
277,3.496861074161347e-10,5.704026060606389e-11,2.750874242611033e-11,2.826731853566521e-12,6.200997039609473e-10,3.99677193171525,-1.0032702856746316,-1.0032352909961222,-1.003223806126141,-1.0032242838435999
278,3.497524920723011e-10,5.695979794731668e-11,2.749089207999895e-11,2.826616084793507e-12,6.201788026728829e-10,3.996728454634515,-1.0033137835825683,-1.0032787896441855,-1.003267282887828,-1.003267791842322
279,3.499084232915157e-10,5.699646777941302e-11,2.7477300849305772e-11,2.8263730358270203e-12,6.205465906340249e-10,3.996695949933358,-1.0033463010403698,-1.003311380368024,-1.0032997872448197,-1.0033003299334444
280,3.5007884760673435e-10,5.6979226926391536e-11,2.746462046271156e-11,2.82605297311e-12,6.208837651223547e-10,3.996676759653849,-1.0033655186411152,-1.0033306535822328,-1.0033189770449447,-1.0033195196987794
281,3.500761487488149e-10,5.6962360653976884e-11,2.7451378215678863e-11,1.258529567303718e-12,6.208728995372707e-10,3.996655456926413,-1.0033868358919449,-1.0033519540972076,-1.0033402794864148,-1.0033408505357913
282,3.5005024200415334e-10,5.694484687498849e-11,2.743919328646238e-11,1.2581765415944217e-12,6.20711278904094e-10,3.996619659720045,-1.0034226349815047,-1.0033877896261418,-1.0033760759366384,-1.0033766719088337
283,3.501606235343358e-10,5.693001716622206e-11,2.743082546542626e-11,1.2579459837131868e-12,6.20946363613128e-10,3.9965853040406616,-1.0034570122228832,-1.003422152242601,-1.0034104307179652,-1.003411028979645
284,3.502886207875534e-10,5.691700582866781e-11,2.7423003489519912e-11,1.2577963893278796e-12,6.211142391875209e-10,3.9965546960274088,-1.0034876288609638,-1.0034527735590086,-1.003441038031044,-1.0034417313265496
285,3.5037444214707857e-10,5.690557374019469e-11,2.7416063745819298e-11,1.2576487868809394e-12,6.212561450213124e-10,3.9965282776091597,-1.0035140726644671,-1.003479203317987,-1.0034674553560095,-1.0034681890222152
286,3.5065513198827395e-10,5.689701261221632e-11,2.741182111070456e-11,1.2575549150304116e-12,6.21595443069079e-10,3.9965171968399327,-1.003525174616481,-1.003490305986444,-1.003478535749642,-1.0034792692252736
287,3.5089991092972016e-10,5.689068172323112e-11,2.7408284541977433e-11,2.8285047762455347e-12,6.21836582199924e-10,3.9965223605950118,-1.0035200356876415,-1.0034851807359702,-1.0034733715620112,-1.0034741401757166
288,3.5121388407546184e-10,5.6885080122928965e-11,2.7403678896167063e-11,2.8279686942072374e-12,6.219563936948244e-10,3.996534996741023,-1.003507410715579,-1.003472562296523,-1.0034607343274646,-1.0034615034695114
289,3.517810247702761e-10,5.687984879681689e-11,2.7400015306950776e-11,2.8273480570897014e-12,6.219993371090495e-10,3.9965504687463365,-1.0034919660543409,-1.003457084211426,-1.0034452614270526,-1.0034460622836145
290,3.536242739121576e-10,5.6876571678617856e-11,2.739755685476452e-11,2.826822456208731e-12,6.222572222252539e-10,3.996575476831946,-1.00346697611224,-1.0034320901945128,-1.0034202530432814,-1.0034210849893612
291,3.52346108260414e-10,5.68739401437005e-11,2.7395549448565153e-11,2.826265281256569e-12,6.223016485722135e-10,3.99660655782145,-1.0034359116054337,-1.0034010140986749,-1.0033891716694427,-1.003389897400559
292,3.5218476726752457e-10,5.68737226618508e-11,2.739632778263795e-11,2.8257798957407263e-12,6.226043988718309e-10,3.9966598026197735,-1.0033826836999693,-1.0033478823077768,-1.0033359249049283,-1.0033366521001466
293,3.521692937397818e-10,5.687316687301969e-11,2.7395685742741486e-11,2.825275580393663e-12,6.22579835240262e-10,3.9967280779807615,-1.0033144526871316,-1.0032796429009443,-1.0032676486513203,-1.0032683593178255
294,3.520899676921607e-10,5.687084189885248e-11,2.7393619520310406e-11,2.8247874968880612e-12,6.224266980559719e-10,3.99679866481054,-1.003243887420191,-1.0032090754234897,-1.0031970587372547,-1.0031977719854726
295,3.5201760948606384e-10,5.6867461565593e-11,2.7392382599690496e-11,2.8243199315577003e-12,6.222309202449258e-10,3.9968669580158727,-1.0031755997377123,-1.0031407906411265,-1.003128764641041,-1.0031295385904175
296,3.519298448757133e-10,5.686297765108557e-11,2.739042491695675e-11,2.823951002916342e-12,6.22013270437486e-10,3.9969312607485703,-1.0031113028385532,-1.0030764824224407,-1.0030644615519904,-1.003065266508937
297,3.5181459573195304e-10,5.685826260323912e-11,2.738968848822388e-11,2.823570270158163e-12,6.218638327124965e-10,3.9969944660184145,-1.003048108255256,-1.0030133210806567,-1.0030012553923953,-1.003002084947434
298,3.5198328795576625e-10,5.6855506282121045e-11,2.7391132438092223e-11,2.823407800712017e-12,6.220866384857307e-10,3.99707450634695,-1.002968100609775,-1.0029332889668034,-1.0029212119852642,-1.0029220751900187
299,3.519431511693442e-10,5.685186589877514e-11,2.7390101976596126e-11,2.8236038031271345e-12,6.220012490145636e-10,3.9971601091312867,-1.002882505016295,-1.0028476939970488,-1.002835540268165,-1.0028365029646473
300,3.5205058586039456e-10,5.685065274857769e-11,2.7393140561176464e-11,2.8234208129644996e-12,6.221996964408798e-10,3.9972659283036007,-1.0027766909633007,-1.0027418721966601,-1.002729720012828,-1.0027306959861424
301,3.518673262661153e-10,5.684563293097135e-11,2.7389929205822388e-11,2.8231819992651987e-12,6.217548418078846e-10,3.997360371941718,-1.0026821850817011,-1.0026474404742525,-1.0026352625374526,-1.0026362519704939
302,3.5195211260355444e-10,5.684254757386271e-11,2.73914825324899e-11,2.8229655889897534e-12,6.219287122633236e-10,3.99746148815275,-1.0025810785742135,-1.002546336924528,-1.0025341452423513,-1.0025351737381407
303,3.518458746905261e-10,5.683735793360944e-11,2.739024629889751e-11,2.822761105127275e-12,6.216652115921625e-10,3.9975557940450743,-1.002486779539901,-1.002452055366266,-1.0024398382669337,-1.0024407838966654
304,3.518110774641494e-10,5.683355372632563e-11,2.7391769073829045e-11,2.8225968968094654e-12,6.216657892390528e-10,3.997653118723343,-1.002389475124743,-1.0023547730330464,-1.0023425105226633,-1.002343521962246
305,3.51920291106601e-10,5.683037940703895e-11,2.7392311307963567e-11,2.822442327842675e-12,6.217977521374232e-10,3.99775703027279,-1.0022855813589742,-1.0022508606414764,-1.0022385959087226,-1.0022396101281046
306,3.5184070653844906e-10,5.6825647214903876e-11,2.7391722988855187e-11,2.8222956892149075e-12,6.215503155008008e-10,3.9978546422913945,-1.0021879991558698,-1.0021532460959985,-1.0021409835114656,-1.0021419978453112
307,3.517899302718432e-10,5.6820528872902464e-11,2.739171688692305e-11,2.8221630905449855e-12,6.213798679689697e-10,3.99794583490008,-1.0020968260673009,-1.0020621052152134,-1.0020497904969492,-1.0020508719456618
308,3.518601301621225e-10,5.6816686465746264e-11,2.739296576985588e-11,2.822056691190555e-12,6.215197030790462e-10,3.998042156390202,-1.0020005145542314,-1.001965789381061,-1.0019534659458853,-1.0019544437780936
309,3.518424311160869e-10,5.681302171884464e-11,2.7393936773640177e-11,2.8219607373383535e-12,6.214534538166477e-10,3.9981392055405665,-1.00190347654355,-1.0018687595389002,-1.0018564159092957,-1.00185742496843
310,3.517794317120817e-10,5.6808489764751627e-11,2.7394348220446866e-11,2.8218829498011796e-12,6.212882511813566e-10,3.998232090998233,-1.0018105939785937,-1.0017759237171662,-1.001763529758668,-1.0017645836520301
311,3.5181178330614497e-10,5.6805132711566286e-11,2.739494477851587e-11,2.8217951882563884e-12,6.213155758083858e-10,3.9983277496585514,-1.0017149543425374,-1.0016803105070844,-1.0016678680432423,-1.0016689736495858
312,3.5184087305508545e-10,5.680195799804261e-11,2.7397133115147926e-11,2.8217428840811047e-12,6.213783768265988e-10,3.998424628100723,-1.001618088845845,-1.001583484937661,-1.0015709885220503,-1.0015720950535754
313,3.517370572310057e-10,5.679814479741931e-11,2.739775005878259e-11,2.821670021649228e-12,6.212218756424388e-10,3.9985163537462682,-1.0015263820267655,-1.001491788630113,-1.0014792598252846,-1.0014803995308919
314,3.51864012749235e-10,5.679566678430796e-11,2.7399689490825493e-11,2.821642176374733e-12,6.213794295916419e-10,3.9986116988505342,-1.0014310495630783,-1.001396474498034,-1.0013839138342977,-1.0013850845034862
315,3.518149233146197e-10,5.679286821335205e-11,2.740036976602242e-11,2.821640224638866e-12,6.212783191314821e-10,3.9987034790878564,-1.0013392788758633,-1.001304739684617,-1.001292133224993,-1.0012933700862874
316,3.517850236922521e-10,5.678886544766093e-11,2.740095698505784e-11,2.821629734271437e-12,6.211351741739285e-10,3.998784270834882,-1.001258495980471,-1.001223951863696,-1.0012113404016527,-1.0012126084084685
317,2.9465774655045305e-10,1.8961825292083673e-11,4.469189609078959e-11,2.602419197488686e-12,3.770259704804339e-9,3.9988496671763922,-1.0011931294860783,-1.0011585465411963,-1.0011458869728602,-1.0011472042050857
318,2.2383693168162926e-10,1.7280408438317356e-11,4.078506254708593e-11,2.2827319617422188e-12,3.443242210182449e-9,3.998917064042829,-1.0011257389982062,-1.0010913064263063,-1.0010784896618625,-1.00107963838242
319,2.0153895696876672e-10,1.4393662402972129e-11,3.465803134166863e-11,2.0701605428373417e-12,3.2505847951988345e-9,3.998981822072453,-1.001061029522323,-1.0010265425419222,-1.0010137362631595,-1.0010147913254561
320,1.899355395794053e-10,8.641294296140252e-12,2.915575326949984e-11,1.9479199815487857e-12,2.8246008873036302e-9,3.9990412531511916,-1.0010016002171294,-1.0009671178734472,-1.000954305125527,-1.0009551943384372
321,1.51450719555046e-10,7.0390280838407604e-12,2.5124162491206726e-11,1.914338964259859e-12,3.105569833413998e-10,3.9990950753515873,-1.0009477784921428,-1.0009133474363836,-1.0009004862948707,-1.0009013606543484
322,7.397934973777382e-10,4.1211954077276424e-11,1.9874166626585035e-11,1.9770232330230875e-12,2.7366841004124705e-10,3.999145020472011,-1.000897848042814,-1.0008634016363644,-1.0008506604429064,-1.0008514064095066
323,1.1477219136663139e-10,2.9152211203344783e-11,1.6786212290772036e-11,1.86240038556509e-12,2.2188238068507573e-10,3.9991874511809966,-1.000855414924087,-1.0008207141121985,-1.0008081382840783,-1.000809006995285
324,7.783697862831154e-11,2.501131199952646e-11,1.43690545741002e-11,1.9323416241506503e-12,9.481534163376442e-10,3.9992296801480287,-1.0008131881967988,-1.0007785206544255,-1.0007660542411931,-1.000766758878453
325,5.135425978567787e-11,1.7515055390771967e-11,1.1410910798662777e-11,1.873877539265049e-12,1.0347730996085964e-9,3.999269534469459,-1.0007733479642433,-1.0007386639708813,-1.000726329795231,-1.0007267915678917
326,4.53548446238488e-11,1.3096944850790446e-11,9.981280222681916e-12,1.8735886365483096e-12,1.0121716256379528e-9,3.9993065473813116,-1.0007363593943313,-1.000701695919236,-1.0006892220280326,-1.0006897964453123
327,4.536508260999171e-11,1.3096736144099871e-11,9.981890651342516e-12,1.8735962204196613e-12,1.0121942214712553e-9,3.999342287022081,-1.0007006101349258,-1.0006659857833566,-1.000653369545356,-1.0006540745574013
328,4.5378134193661565e-11,1.309648435507459e-11,9.982366342434194e-12,1.873610655647083e-12,1.0122068821009086e-9,3.99937565290933,-1.000667241913082,-1.0006326565954955,-1.000619908793388,-1.0006207171841734
329,4.539489855030216e-11,1.3096229638080408e-11,9.982918807451497e-12,1.873621592096471e-12,1.0122113769109088e-9,3.9994072110371404,-1.0006356896780602,-1.0006014258638405,-1.0005882378371636,-1.0005892068748776
330,4.5417464709242435e-11,1.3096004488718317e-11,9.983168949640817e-12,1.8736271588888715e-12,1.0361773070849653e-9,3.999437373150798,-1.0006055271445147,-1.0005712940843006,-1.0005579629148436,-1.000559039756478
331,4.544812257292654e-11,1.309585704723321e-11,9.98384225919664e-12,1.873639995716176e-12,1.0122211254074204e-9,3.999465578393969,-1.000577326577536,-1.0005431332900567,-1.0005296448738017,-1.0005308522794116
332,4.549893792004684e-11,1.309551339467779e-11,9.984327543199612e-12,1.8736496787587253e-12,1.0122753491783325e-9,3.999492423177689,-1.000550483770604,-1.0005163304700027,-1.000502705259234,-1.000504025263155
333,4.5577483557562876e-11,1.3095298176045858e-11,9.984768008051128e-12,1.8736625008836213e-12,1.0123800486361266e-9,3.9995188115202924,-1.0005240875642742,-1.000489975475762,-1.0004762041215018,-1.0004776464727927
334,4.569793501717734e-11,1.3095021840771982e-11,9.985072379474416e-12,1.873680626351943e-12,1.0123181742505052e-9,3.999542518318072,-1.0005003816223839,-1.0004663086244872,-1.0004523845426012,-1.00045407558602
335,4.5952644186651685e-11,1.3094785672220534e-11,9.985536264169068e-12,1.8736914343288847e-12,1.0124057748438402e-9,3.9995651436282462,-1.0004777572767563,-1.000443728479601,-1.000429646462383,-1.000431444596071
336,4.713841676253354e-11,1.3094532956635966e-11,9.98579648413147e-12,1.873695751604397e-12,1.0124100306298333e-9,3.9995860280853583,-1.000456897133813,-1.0004228860842161,-1.000408649240214,-1.0004107256288925
337,4.6969218317403064e-11,1.3094286772600487e-11,9.986119305667733e-12,1.87371571722457e-12,1.0124199086793544e-9,3.9996057825337887,-1.0004371323335366,-1.0004031535607267,-1.0003887820344755,-1.0003910179868072
338,4.60854600546665e-11,1.3093925854471703e-11,9.98623812788072e-12,1.8737281008337783e-12,1.0117368729779852e-9,3.9996231706096066,-1.0004197685460652,-1.0003857988106246,-1.0003712812309709,-1.000373765863471
