Timestep;Price;G_WindOffshore;G_GasTurbine;G_Baseload;G_Peak;G_WindOnshore;G_SolarPanels;G_TypeC;G_TypeA;G_TypeD;G_TypeB;Demand;Total_PV
1.0;0.03996990503368497;4.546747331537847;0.179484325624755;4.999998361001705;0.0;3.0026264152394972;0.0;-0.20048620785452614;-0.20181531533070543;-0.20029686370529134;-0.20120220007985593;-11.925;0.0
2.0;0.009948783876674156;4.560968224001203;0.0;4.8499021085505465;0.0;2.9118896112035944;0.0;-0.19379357961327223;-0.19435267311040239;-0.1935598310314409;-0.19388868949648735;-11.547;0.0
3.0;0.03997003648579914;3.9471539035462486;0.3181327765360474;4.999998360374514;0.0;2.7799664392478656;0.0;-0.1853580957752374;-0.18660322378946187;-0.18518932116662348;-0.18602446278699225;-11.302;0.0
4.0;0.03996929545609226;3.943088864027754;0.4041219987523206;4.999998360269476;0.0;2.6313274769411588;0.0;-0.17919523562114872;-0.18040003572954336;-0.1790280992398277;-0.17983542876506373;-11.26;0.0
5.0;0.0399685682370154;3.745934418957565;0.9367414397853835;4.999998360329736;0.0;2.3680753361785816;0.0;-0.17351210244182355;-0.17468310095008407;-0.17334904485440011;-0.17413128221873062;-11.355;0.0
6.0;0.03996858349108371;3.756097017656687;1.8378059939955658;4.999998360317297;0.0;1.941857593469592;0.0;-0.17226701758483856;-0.1734307246553029;-0.17210501677577705;-0.17288178637265111;-11.845;0.0
7.0;0.0399684523178345;3.7479669386963512;3.4108537652225914;4.999998360323308;0.0;1.5063872155495772;0.0;-0.178115841640487;-0.17931435935045484;-0.1779500230566166;-0.17875258422071705;-12.951;0.0
8.0;0.2000002778077681;3.274390204446118;4.9999997011860815;4.999999934186011;0.9930598254220525;1.1440424943207785;0.0005357128389366672;-0.18410095256498826;-0.19023521135976745;-0.18407911227247153;-0.18862772995066618;-14.665;1.3983212717080622e-7
9.0;0.2000003121589894;3.5223576825795933;4.9999997011861455;4.9999999341860235;2.349342129978275;0.942275544399956;0.037499997897392987;-0.19037382738871023;-0.19671223565040377;-0.19035194205867348;-0.19505168417854293;-16.079;9.873198118555294e-6
10.0;0.2000002696900258;3.699186946265977;4.999999701186076;4.99999993418601;2.286481037414894;0.9058619793863137;0.16874999775814725;-0.18318851221758178;-0.18926979177652237;-0.1831665498430393;-0.18766992804024807;-16.317;4.524333158792585e-5
11.0;0.20000019165171948;3.260162559553855;4.99999970118587;4.999999934185974;1.8681516731628782;1.092108399347834;0.4151785677231946;-0.1714570790531151;-0.1771126046666799;-0.1714350673554668;-0.17561201811804533;-15.94;0.00011506375790243606
12.0;0.20000007107194454;3.424796708310989;4.999999701185479;4.9999999341859045;0.34866707931672736;1.3678963641409887;0.7619642827389121;-0.1595874598093351;-0.16479393837720663;-0.159565396207056;-0.16339361395968427;-15.256;0.00022244857489321388
13.0;0.03996879345124376;3.4959344513458466;4.096095737310478;4.999998360259328;0.0;1.6714421310050007;1.0541071332261056;-0.15708757669128953;-0.15799663663994276;-0.15693559631199722;-0.15748156594850077;-14.688;0.0003298676622842441
14.0;0.03996880079236506;3.7113815783639303;3.5753874490398516;4.999998360256805;0.0;1.7753103215405688;1.0560714182232018;-0.15648854714986835;-0.15738039244750016;-0.15633698499588133;-0.1568667001955713;-14.491;0.00035726763926701663
15.0;0.03996872270945691;3.50203201055006;4.274630629771596;4.999998360279129;0.0;1.7368074582888338;0.7280357036244735;-0.16204199041675754;-0.16301291392385495;-0.16188679866029507;-0.1624866861949561;-14.592;0.00026464434904271614
16.0;0.20000018056762778;3.4329267882499033;4.99999970118583;4.999999934185967;0.40762594317207207;1.6201050537703445;0.324999997731898;-0.1695019440227107;-0.17508776967892978;-0.16947998812569479;-0.17360377904547708;-15.098;0.00012426467181480964
17.0;0.2000002963430416;3.560975567291297;4.999999701186131;4.99999993418602;1.3179738865482573;1.6013013288106572;0.09660714281306927;-0.18727160741857088;-0.1934927780321855;-0.18724969312054662;-0.19185840217502953;-15.817;3.761560499314839e-5
18.0;0.2000003510194067;3.5975609320188275;4.999999701185558;4.999999934185918;2.598044563775839;1.5726480338708657;0.0;-0.21224470474520465;-0.21932053782919927;-0.21222527300891905;-0.2174755955741588;-16.907;0.0
19.0;0.20000038177966595;3.6341462967471276;4.999999701185669;4.999999934185938;1.9502169959535578;1.6335362887411737;0.0;-0.21757861442875026;-0.22483198664474324;-0.21755908357574033;-0.22294209766521297;-16.335;0.0
20.0;0.20000039003368536;3.428861748280444;4.9999997011856765;4.999999934185939;1.3327520331698055;1.7078557735638578;0.0;-0.21944396814524408;-0.22675940558632746;-0.21942441209229613;-0.22485383406149534;-15.579;0.0
21.0;0.2000003952974015;3.2317072747695055;4.99999970118565;4.999999934185935;0.881081447867338;1.723376308525464;0.0;-0.22109380210265966;-0.22846412968589352;-0.22107428626302592;-0.2265447570241746;-14.939;0.0
22.0;0.20000037091545475;2.8089430527876185;4.9999997011855;4.999999934185907;0.4827208913596829;1.6848734436199455;0.0;-0.2172427799332482;-0.22448494909035555;-0.21722360927755377;-0.2225982759853634;-14.095;0.0
23.0;0.20000032627408104;2.2865853310370516;4.999999701185286;4.99999993418587;0.1823151119180932;1.5765281688627941;0.0;-0.20957685964689465;-0.21656392168836983;-0.20955831893817062;-0.21474229878729054;-13.195;0.0
24.0;0.03996781881179924;2.481706929173898;4.397384202069223;4.999998360293246;0.0;1.5287726049750243;0.0;-0.20995934291039428;-0.21134636771303605;-0.20976798122597523;-0.21071825929102034;-12.566;0.0
25.0;0.19999732254485025;1.1829267711068963;4.999999313614283;4.999999891149139;0.41835928376782944;0.9407831780572289;0.0;-0.19151996813555675;-0.19790569866636532;-0.19146804712445065;-0.19619655310700257;-11.765;0.0
26.0;0.03994368058668505;1.221544059300836;4.814862715525407;4.999997291787517;0.0;1.0604702221804512;0.0;-0.1891928440905744;-0.19060704558563327;-0.18896949140728542;-0.18994142733657293;-11.338;0.0
27.0;0.03994368386983254;1.252031866347485;4.342793399897376;4.999997291667464;0.0;1.197170311433475;0.0;-0.18123507513131087;-0.18260933231920867;-0.1810191077260092;-0.18196375626440023;-11.065;0.0
28.0;0.03994388348234565;1.3658530148161188;3.9667654742495717;4.999997291620247;0.0;1.3186483400075544;0.0;-0.1740721342491966;-0.1754007306366029;-0.1738516741379588;-0.17477238325973574;-10.953;0.0
29.0;0.039943884581399254;1.4390237424040455;3.7077998083176467;4.999997291484511;0.0;1.4532591230127891;0.0;-0.16679286417165184;-0.16807948484668317;-0.16657016662006305;-0.1674681589960134;-10.931;0.0
30.0;0.03994390298711999;1.5528448636131646;3.5062414043052392;4.999997291366567;0.0;1.6218956983241293;0.0;-0.16028225202562008;-0.1615319465924529;-0.1600581693415411;-0.16093580686177353;-11.038;0.0
31.0;0.0399439509427559;1.5670725011951327;3.724660909524672;4.999997291323693;0.0;1.7836674127028436;0.0;-0.15714343293281197;-0.15837586097022896;-0.15691992032959523;-0.15778710199113138;-11.445;0.0
32.0;0.03994394974907753;1.5792676241200247;4.245018378021171;4.999997291330986;0.0;1.9564825902078231;0.036785694190033434;-0.15768306417231434;-0.1589137189395035;-0.15745948172584032;-0.158323662536181;-12.185;9.601793449780264e-6
33.0;0.039943977470112045;1.5873977027316455;4.706800024716186;4.999997291336384;0.0;2.115269587923352;0.1199999800423701;-0.15741739582842848;-0.15863558094596378;-0.15719384679947807;-0.1580461461744665;-12.898;3.159423397937694e-5
34.0;0.13783189347335967;1.98577225654788;4.999998360424656;4.999999784146486;0.0;2.262117925686666;0.2017857088879574;-0.15705862934036288;-0.16062601435732654;-0.15695724919779003;-0.15957418379858673;-13.817;5.410049193156564e-5
35.0;0.19999552576013185;2.132113755184419;4.99999931359599;4.999999891146754;0.03589398534544682;2.3537487880916115;0.31446428064352866;-0.15288877598586004;-0.15794883324982753;-0.15283191906167254;-0.15656597472038095;-14.216;8.715151737769764e-5
36.0;0.039944486762499794;2.166665886717439;4.934646030910761;4.99999729146638;0.0;2.4355298213025636;0.4076785479625547;-0.15445910732874937;-0.1556171171011621;-0.15423608649333845;-0.15503480567918773;-14.325;0.0001190180677707267
37.0;0.03994405769118171;2.4898365558703244;4.471525633341119;4.999997291293347;0.0;2.5376071769214934;0.4489285479012156;-0.15306134340782665;-0.15420081821243736;-0.15283861752084948;-0.15362190811879772;-14.334;0.00014048573583903433
38.0;0.03994405337274658;2.5792674263429998;4.1317858551416675;4.99999729129134;0.0;2.680873639847133;0.41589283294820056;-0.15304188618863956;-0.154181145026675;-0.15281917970670547;-0.1536022998401383;-14.194;0.0001406960308488505
39.0;0.03994398441520263;2.8272348332502526;3.824137553186248;4.999997291329849;0.0;2.8148874780554243;0.30571426328883194;-0.15681523016828747;-0.15799029717037488;-0.15659182680669817;-0.15740235030416158;-14.143;0.00011112855630562629
40.0;0.039943890687124436;3.2845517842501546;3.394262987960322;4.999997291431364;0.0;2.9677050408943724;0.16249997953612869;-0.1637994213669189;-0.1650379716602591;-0.16357596770549304;-0.16443377573117773;-14.152;6.213233590740482e-5
41.0;0.039943857136966895;3.7987793155810836;3.072526820929465;4.999997291637067;0.0;3.1509667321606196;0.05249997999069264;-0.17545013765145162;-0.1767767738371392;-0.17523077982607035;-0.17614585918200973;-14.371;2.0441751613095394e-5
42.0;0.039942941829425344;4.0548768261971295;3.594941837333538;4.999997291703865;0.0;3.3470627076625674;0.006249978136441487;-0.19698605550886747;-0.1984465600426001;-0.19676583952549426;-0.19776708706082385;-15.213;2.3897052272078773e-6
43.0;0.039942085045070234;4.426827973721191;3.2999854074305075;4.999997291656411;0.0;3.47868877622369;0.0;-0.21104647218253378;-0.21259002068225177;-0.21082120279092564;-0.21187938793897368;-15.359;0.0
44.0;0.03994192616938846;4.550811687174127;2.5470897428610915;4.999997291658607;0.0;3.535099948456601;0.0;-0.21466317333037307;-0.21622769709846262;-0.214436462655319;-0.215509138790388;-14.772;0.0
45.0;0.039941886956598074;4.560974284888392;1.8483150868315792;4.999997291659182;0.0;3.5828554414925384;0.0;-0.21569667491685984;-0.21726720187780743;-0.21546961927741698;-0.2165464478879755;-14.127;0.0
46.0;0.03994189077701562;4.573169402147826;1.2469418206209162;4.999997291654663;0.0;3.5930034811372202;0.0;-0.21543940358043853;-0.21700873570652413;-0.21521292516887766;-0.2162887210024825;-13.549;0.0
47.0;0.039941889956836625;4.585364524382351;0.6248606526333923;4.999997291567021;0.0;3.5930034811293856;0.0;-0.21222457452642612;-0.21377535201075787;-0.21199980514959738;-0.21306269601294625;-12.952;0.0
48.0;0.009944532473375822;4.5792526056878735;0.0;4.992060684206311;0.0;3.604341837943335;0.0;-0.20692818666415472;-0.20772756426446531;-0.20666202381758522;-0.2071689995558782;-12.347;0.0
49.0;0.039969827276795655;1.2845525802883295;3.9955348545409115;4.999998430177054;0.0;0.4921799693890527;0.0;-0.16865717090901325;-0.16979208730037834;-0.16849305925245764;-0.16925216030744047;-10.096;0.0
50.0;0.03996979909874802;1.4004062448313703;3.5349192643158838;4.999998430142899;0.0;0.6124641135565219;0.0;-0.16229924315702277;-0.16339930216984402;-0.1621428257744222;-0.16287418458290753;-9.897;0.0
51.0;0.0399697316816266;1.5975607012088893;3.1317199752533553;4.999998430102745;0.0;0.7470749046608448;0.0;-0.1566984156674808;-0.15777023936759282;-0.15655241101561201;-0.1572595606295957;-9.848;0.0
52.0;0.039969845627037495;1.5223574570466842;3.1265267784555126;4.999998430096317;0.0;0.8682544664022968;0.0;-0.15140789679734926;-0.15244510852220725;-0.15126277682680025;-0.15194724580326233;-9.91;0.0
53.0;0.039969874086332194;1.6361785830605835;3.258965221402365;4.999998430087159;0.0;0.9389922920522699;0.024107135132043347;-0.14919031797965532;-0.15021132271417953;-0.14904690840767607;-0.14971869890177208;-10.26;6.261446306549794e-6
54.0;0.039969826989643645;1.5711379383234507;3.8721110882890835;4.999998430091534;0.0;0.9563036569019687;0.21535713443742022;-0.15136445711279392;-0.15237345863496243;-0.1512199603421964;-0.1518762418135566;-11.008;5.600998974434072e-5
55.0;0.039969768843807825;1.7987801992024905;4.185236322394531;4.999998430106551;0.0;0.9458571419692358;0.6841071340293198;-0.15540395185916633;-0.15637550971904987;-0.1552569566246567;-0.1558692458843341;-11.991;0.0001785653888692629
56.0;0.03996977726622857;1.8780484819862704;4.02894134345479;4.999998430100828;0.0;1.0455467312770648;1.2919642733751493;-0.15432669601937507;-0.1552111226976515;-0.15418043324178501;-0.1547072997725946;-12.626;0.00034015518261073694
57.0;0.039969940429511436;1.7296745101963906;2.879436628303753;4.9999984300447;0.0;1.1359836954267495;1.9417857025767968;-0.14049712037256268;-0.14121013929379714;-0.14035957171938543;-0.14073655332594617;-12.124;0.0005206095109715123
58.0;0.039970090993881054;1.8211379171726543;1.2179949439999798;4.999998429672804;0.0;1.2123924795122611;2.535178557177196;-0.12526931378955336;-0.12580286436438773;-0.125141510606952;-0.12540780948275781;-11.285;0.000702606527157517
59.0;0.03996729872483064;1.8617883236771333;0.0537893773733921;4.999998430629788;0.0;1.3344674527399976;2.9498214169396064;-0.11588000492049452;-0.11628087938803577;-0.11575871569937285;-0.11590569812166442;-10.736;0.0008611736615620536
60.0;0.009962912970018343;2.1625978546411235;0.0;4.510386481172002;0.0;1.4896719970511254;3.052678495894933;-0.11544228121603299;-0.11538535882515946;-0.11529905100966664;-0.11509168610721218;-10.754;0.0009552918300265473
61.0;0.009962110733859731;2.5650363290755136;0.0;4.535436660958283;0.0;1.5807058743020805;2.868392781766239;-0.12000372067979519;-0.11994710222068318;-0.11985653935633304;-0.11964709955038888;-11.07;0.0009703737026540221
62.0;0.00996200189554592;3.0243853203501962;0.0;4.428164629811834;0.0;1.596226404209624;2.4799999287309635;-0.1230360711038264;-0.12301906740043451;-0.12288618859377008;-0.1227148758857658;-11.037;0.000901491468211743
63.0;0.03997241740894128;2.8150402451433254;0.23000947672122082;4.9999984299492475;0.0;1.5789158723464725;1.98374998752548;-0.128529278654618;-0.12905372126541034;-0.12839933354532354;-0.12865179017410258;-11.093;0.0007584924391157803
64.0;0.03996991152429229;3.1829263815237003;1.2086812076832505;4.999998430053454;0.0;1.4165472062438165;1.4332142732076731;-0.14262394318814575;-0.14333071475454934;-0.14248508854757033;-0.1428525082519622;-11.67;0.0005580459128059068
65.0;0.03996966759887951;3.408536107512102;2.6807862467845687;4.999998430128712;0.0;1.1016594357787586;0.9341071338161885;-0.16171172556739538;-0.16263130743689147;-0.16156072412399045;-0.16211097206547007;-12.477;0.00035715851634859626
66.0;0.03996946141444777;3.4695117097630908;3.509005747952342;4.999998430157373;0.0;0.8434813059949353;0.5296428440337746;-0.17403143618625905;-0.1751064423102264;-0.17387247643727505;-0.17455902904935836;-12.654;0.00019252762700879401
67.0;0.03996915037308306;3.1930889802289575;4.6245817950296715;4.999998430164195;0.0;0.7199139693759227;0.20785713446463594;-0.1889175376636648;-0.19014251504293753;-0.18874799630623318;-0.18956332640947876;-12.988;7.031781126673597e-5
68.0;0.039968932196980195;3.6890238772090433;4.18660467317051;4.999998430160583;0.0;0.9166069022478092;0.03839284560638283;-0.19917625562104738;-0.20049197785167816;-0.19899939928760377;-0.19989118761795868;-13.032;1.201449149390592e-5
69.0;0.03996877775692073;4.195121376247956;3.2984028322735703;4.999998430149678;0.0;1.23298703425464;0.0;-0.20537972448566646;-0.2067388537105846;-0.2051986122466879;-0.20612534727255313;-12.903;0.0
70.0;0.039968884916991416;4.31910510189565;2.2189296544368946;4.999998430158569;0.0;1.5219077538022456;0.0;-0.20099739798713373;-0.2023302643427232;-0.20081967352392624;-0.20172589874398383;-12.254;0.0
71.0;0.0399690601898522;3.646340957520062;1.685918020687159;4.99999843016092;0.0;1.987225310139465;0.0;-0.1929010544667847;-0.19418531599578842;-0.19272947386552422;-0.19359829971401996;-11.546;0.0
72.0;0.03996946012167669;3.510162109604916;0.5226206348876585;4.999998430106584;0.0;2.573125473731361;0.0;-0.18278234850992922;-0.18400261528085837;-0.18261375744849465;-0.1834360784811681;-10.873;0.0
73.0;0.20000031755317368;0.8353658390759624;4.999999809174882;4.999999966979804;0.1288618454387768;0.30294889720457613;0.0;-0.17106717384795966;-0.17676734729711846;-0.1710509845348015;-0.17529356845217423;-10.573;0.0
74.0;0.039980231776250715;0.9065039320083653;4.697742873357718;4.999999187423611;0.0;0.32861744927062414;0.0;-0.1682909525809781;-0.16939750054130714;-0.16817619575421563;-0.1689608455932813;-10.258;0.0
75.0;0.03998034505624904;1.3861786935509366;4.015050833204841;4.999999187431106;0.0;0.36055393446430645;0.0;-0.16103482873575073;-0.16210053444638886;-0.1609286627015613;-0.16167985295118745;-10.116;0.0
76.0;0.03998043506489733;1.3252030891024242;4.026580652121639;4.999999187437711;0.0;0.4214421851646444;0.0;-0.15516121171507685;-0.15618839872417561;-0.15505591028089227;-0.15578014253157144;-10.151;0.0
77.0;0.03998053294350267;1.3414632526227603;4.131049794138021;4.999999187444538;0.0;0.4614374107094501;0.05053570957012974;-0.1509893250533076;-0.1519847046857002;-0.15088637021523243;-0.15158473575745662;-10.379;1.312584572066095e-5
78.0;0.039980536879620714;1.2621949641888484;4.603576649084756;4.999999187444439;0.0;0.4471107655402;0.2442857089492725;-0.15067304610671672;-0.15164134077552838;-0.15057046805768942;-0.15124214994089735;-10.953;6.353371926359321e-5
79.0;0.03998057909358318;1.040650263606899;4.869480501307711;4.999999187447819;0.0;0.48203196555231326;0.640357138590398;-0.14829249838785263;-0.14919471636792261;-0.14819125140620645;-0.14879999366308802;-11.438;0.00016714578037645839
80.0;0.03998056928467801;0.9552844189692077;4.165811045837701;4.999999187440777;0.0;0.5867955742876498;1.3105357079737325;-0.14008283683659165;-0.14084706888866383;-0.13998635219690547;-0.14046758205609175;-11.457;0.00034504476681700044
81.0;0.039980641518406294;0.7784551597311214;2.882372463901569;4.999999187435941;0.0;0.6282831586120526;2.1432142776227083;-0.12664564032100945;-0.12721542578890518;-0.12655838483537876;-0.1268610544626445;-10.925;0.0005746142492458335
82.0;0.03998056289015527;0.7540649161227889;1.449919684402529;4.999999187325885;0.0;0.6288801035986062;2.8655357074118295;-0.11374667293290229;-0.11413837556271668;-0.11366851425063144;-0.11380117481939864;-10.243;0.0007941626365049238
83.0;0.03998061576010369;0.6382112574619362;0.9835972504205308;4.999999187323654;0.0;0.614553453843387;3.3042857073061613;-0.10911147588869853;-0.1093907628106505;-0.10903628195675347;-0.10906294324252408;-10.104;0.000964656300579435
84.0;0.03998061907717998;0.5203250804974547;1.0026617291401476;4.999999187323483;0.0;0.6148519288384003;3.492321422254072;-0.10902184112101217;-0.10923650872412125;-0.10894671003005978;-0.10890886393934375;-10.194;0.0010928717365436967
85.0;0.039980596722593215;0.2886177644741493;1.323336201347092;4.999999187323653;0.0;0.5859001592980155;3.4980357072523605;-0.11072306786526154;-0.11090244926489348;-0.11064685653951313;-0.11057135382212913;-10.253;0.0011833810919113308
86.0;0.03998056392582887;0.19105679854871266;1.655159652348655;4.999999187326618;0.0;0.5360553649779541;3.3021428473066434;-0.1136020891675174;-0.11378991090240667;-0.11352402390616756;-0.11345294482064437;-10.23;0.0012003441978221236
87.0;0.03998053666576683;0.08943079471505071;2.1474237845127555;4.999999187328611;0.0;0.4751671156036499;2.8773214224088286;-0.11730091048555386;-0.11756050270796078;-0.11722029095355485;-0.117216249049965;-10.12;0.0011001520098605192
88.0;0.03998060814737371;0.14024379442037327;3.526942105791882;4.9999991874401095;0.0;0.3856255647112317;2.231785707593199;-0.13152618985077366;-0.13197770551246485;-0.13143534406560559;-0.1316139151121589;-10.758;0.0008689830331368475
89.0;0.20000028580820714;0.13008128515191503;4.999999809175076;4.999999966979831;0.7064782016323103;0.2659383922037142;1.4735714286373496;-0.15023241849213612;-0.15495703188371754;-0.15022087718655477;-0.15366302372679136;-11.967;0.0005634242158296299
90.0;0.20000032984946065;0.1016260003153331;4.999999809175098;4.999999966979834;1.9165783560920073;0.16117478233247653;0.7957142837181566;-0.16396988979768723;-0.1692893558799431;-0.16395797423130634;-0.16787926819382823;-12.31;0.0002892458222023013
91.0;0.20000036475974464;0.04878047548767933;4.999999809175103;4.999999966979835;2.7729672812462067;0.09998805742992418;0.3317857137664734;-0.17659873025693104;-0.1824275710888086;-0.17658652771030145;-0.18091089095394094;-12.537;0.00011224269095185083
92.0;0.20000039073665285;0.05691055543175286;4.999999809175088;4.999999966979832;3.225983318738777;0.07790114247958105;0.08178571377389933;-0.18768041950728365;-0.1939219093706775;-0.18766802505207292;-0.19231182287621423;-12.681;2.559366260181781e-5
93.0;0.20000040297626312;0.05894307542387697;4.99999980917503;4.999999966979824;3.4006125784458883;0.06506685748708957;0.0005357138399815371;-0.19619434815566725;-0.20273229412632818;-0.1961818849609676;-0.20105058022481506;-12.729;1.5639714438704706e-7
94.0;0.20000039940357386;0.20121949472850886;4.999999809174968;4.999999966979816;2.7885143061236723;0.08178127746931535;0.0;-0.19505002641989616;-0.2015499319406624;-0.1950379184616984;-0.19987817961491341;-12.28;0.0
95.0;0.20000040029470534;0.44715445417302585;4.999999809174951;4.999999966979813;1.8549911518291404;0.11700095241114226;0.0;-0.18855216845029257;-0.19483562580261993;-0.18854094323766019;-0.19321928949651052;-11.654;0.0
96.0;0.20000036964548196;0.48170729918883026;4.999999809174735;4.999999966979783;1.011971565970771;0.14774355236559747;0.0;-0.1777787756403369;-0.18370263861620542;-0.1777666642773408;-0.18217654697820396;-10.92;0.0
97.0;0.03995291589586913;2.449186356412563;2.807178158817779;4.999997970273539;0.0;0.3948781042544679;0.0;-0.16659381402556392;-0.16785113241531513;-0.1664104640629517;-0.16725055708354564;-9.983;0.0
98.0;0.03995297132775688;2.1341457679119653;2.99692022127207;4.9999979702206385;0.0;0.3310051401631116;0.0;-0.160810914062345;-0.16203868484087988;-0.16063190440478467;-0.16145163251930894;-9.817;0.0
99.0;0.039952957002901794;2.03048724890412;3.0386226140030304;4.999997970135242;0.0;0.284443540597048;0.0;-0.1546901917317918;-0.1558882977643839;-0.1545176091537172;-0.15531758818402056;-9.733;0.0
100.0;0.03995303891017431;1.487804396428192;3.6570267336195057;4.999997970089361;0.0;0.24444831959136826;0.004285697792862467;-0.1494573635660998;-0.15062115070499849;-0.14928193991836725;-0.1500636418970231;-9.794;1.1126630608154e-6
101.0;0.039953135714104526;1.24593447521331;3.9939604506797837;4.999997970041284;0.0;0.1883356196137178;0.116249984224478;-0.14470381172562358;-0.14582577267102148;-0.14452889272713146;-0.14527992089088743;-9.964;3.019408283877719e-5
102.0;0.03995313944809044;0.953251537429869;4.632373128942119;4.999997970042914;0.0;0.1223733566340493;0.41678569758347095;-0.1447988052844601;-0.14588230965320093;-0.14462414921090258;-0.14533639978227722;-10.544;0.00010839744194573952
103.0;0.13857373215602192;0.8882113065655622;4.999998798834825;4.9999998388407105;0.0;0.07372252650339149;0.891071424948737;-0.14330725273412306;-0.1464946183136569;-0.1432309070635884;-0.145534418423295;-11.276;0.0002325871284508221
104.0;0.039956428203827964;0.571137732187968;4.753887393367882;4.999997971028012;0.0;0.04536763790374224;1.6473214104879248;-0.13992407964784417;-0.14073330201099818;-0.13973264303752783;-0.14019928150841002;-11.457;0.00043371548915551513
105.0;0.03995706538703561;0.3414629885885921;3.8259593498036844;4.999997970997129;0.0;0.04089056437453563;2.490178549107422;-0.12944866792319804;-0.13007932818713566;-0.12926633557608952;-0.129573162977786;-11.18;0.0006676383689224121
106.0;0.03995824996029596;0.27438983578279946;2.2747124182846843;4.999997971008636;0.0;0.06387288702377873;3.2341071234231724;-0.11518160732651732;-0.11561595618690525;-0.11500980318959847;-0.11515110152624898;-10.386;0.0008963095603966714
107.0;0.039959148716171594;0.2215443224594672;1.089969466148401;4.999997971018451;0.0;0.11849322162405225;3.7030356930514117;-0.10473866968952679;-0.10502093306627926;-0.10457399800090232;-0.10458586851287006;-9.714;0.00108106775316959
108.0;0.03995921657993852;0.1788614048708143;0.5185850749411781;4.999997970875176;0.0;0.16714412222129837;3.8648214079326237;-0.09962299688448299;-0.09981243102189137;-0.09945947754402193;-0.09939121211363079;-9.331;0.0012094402512186268
109.0;0.03996059814690661;0.18089392449853234;0.32262924679289406;4.999997970907245;0.0;0.20564698209371882;3.810178547972972;-0.09837864561941503;-0.09852147744617955;-0.09821553161292916;-0.0981036349812408;-9.126;0.0012889786279794324
110.0;0.03996045321530013;0.27235731637734123;0.32772074227854786;4.9999979709097575;0.0;0.23221097492306245;3.573928548150163;-0.09984554048996866;-0.09999135498170618;-0.09968195203838076;-0.09956953128038974;-9.007;0.0012991395620375787
111.0;0.039958924035786804;0.43495889948688715;0.8130892178896106;4.999997971025211;0.0;0.25340247440173347;3.1735714084748516;-0.1070119471374247;-0.10724113942107438;-0.106846198558131;-0.10679994256226316;-9.247;0.0012134240376301727
112.0;0.03995774530564119;0.9247962522482107;1.5358444013702097;4.999997970989102;0.0;0.2880252001947364;2.5889285490102596;-0.12032755362049029;-0.12073550549060795;-0.12015194149682454;-0.12025539280278909;-9.856;0.0010080425670854522
113.0;0.039953187886706286;1.453251555430334;2.9232232628853576;4.999997970010017;0.0;0.3184693215442097;1.8628571250418424;-0.14220942208210538;-0.14297664945982425;-0.14203549760028958;-0.14243700234899564;-10.988;0.0007122687131116868
114.0;0.03995288663603141;1.723576722354774;3.931602431366237;4.999997970177139;0.0;0.3313036101291947;1.1573214114807866;-0.15810228890731065;-0.15910603625804506;-0.15792812837429582;-0.15852886375947045;-11.51;0.0004206916915821023
115.0;0.03995257559115324;2.05081245084146;4.705988024410577;4.999997970294797;0.0;0.374283550953555;0.5882142674481742;-0.17463241491554374;-0.17584253948869646;-0.1744589823017635;-0.17522923190827747;-12.019;0.00019899215433286183
116.0;0.1999985290976146;2.323170677362857;4.999999490031069;4.999999917857416;0.09058352315936388;0.5312798354359378;0.20160714156595788;-0.18353542730155434;-0.18962323269120074;-0.18350012293855955;-0.1880014371461878;-12.402;6.309005487383414e-5
117.0;0.03995327415336097;2.5894302313375066;4.970373773512704;4.999997971143162;0.0;0.7545366435950329;0.023392838219872675;-0.199392182721533;-0.20082615629168152;-0.1992090541863644;-0.2001776487492969;-12.538;6.829332240202823e-6
118.0;0.039951503823268966;2.782519619426186;4.585303276266172;4.999997970748996;0.0;0.9112343581630798;0.0;-0.20420904944570545;-0.20567454979686112;-0.20402366014585951;-0.2050160623749936;-12.46;0.0
119.0;0.03995180707304855;2.2784546880309104;4.359292870791645;4.999997970749756;0.0;0.9288441931746984;0.0;-0.1966094460186629;-0.19803081686970347;-0.19642856747031565;-0.1973886949710995;-11.778;0.0
120.0;0.03995243881435709;2.0873978103557693;3.7696313249110163;4.999997970781031;0.0;0.8807902322438242;0.0;-0.18469705147338755;-0.1860445533811907;-0.18451671609899817;-0.18542632381487287;-10.997;0.0
121.0;0.03995564247034128;0.623983299840667;4.846243901665586;4.999998152706334;0.0;0.5193408595988199;0.0;-0.17191494160966359;-0.17319221773915053;-0.17174548950393295;-0.1725903293639585;-10.3;0.0
122.0;0.03995565739515393;0.47764185658683833;4.809506701573681;4.999998152655893;0.0;0.5160576696761905;0.0;-0.16608441651270345;-0.16733143144372387;-0.1659199585494251;-0.16674382542463717;-10.137;0.0
123.0;0.039955822580122174;0.41666625943882823;4.7939612161584595;4.999998152625027;0.0;0.5047157399767486;0.0;-0.16012679988785336;-0.16134510641362512;-0.15997082733473683;-0.16077287354989253;-10.073;0.0
124.0;0.03996625168752284;0.2926825503120491;4.989922837112927;4.999998154855663;0.0;0.48352424075673195;0.0;-0.15484632224057332;-0.1560308286531447;-0.15468736792586993;-0.15547149033685959;-10.145;0.0
125.0;0.1999977535760627;0.2540650010176974;4.999999538237742;4.999999925141302;0.37490757443914935;0.5017311262698588;0.0;-0.14829475800713135;-0.15324619898637118;-0.14825910515375532;-0.15191975319639614;-10.529;0.0
126.0;0.19999792461190669;0.31300809028394433;4.999999538239239;4.999999925141498;1.2531861144914171;0.483822816292469;0.007142852148914815;-0.152350438510171;-0.15743539111746957;-0.1523154567978293;-0.15607520178498444;-11.439;1.8577105268335203e-6
127.0;0.19999825275870137;0.6585365421452841;4.9999995382417906;4.999999925141835;2.272526173443301;0.4214422064212137;0.15089285185570303;-0.16128944280424415;-0.1666524754818008;-0.16125587479769005;-0.16521756383967118;-12.849;3.938599607912048e-5
128.0;0.1999981232548983;0.839430851824727;4.999999538240734;4.9999999251416956;2.273767146813421;0.3444364767016642;0.483214281769681;-0.1574794851726703;-0.16267204074256614;-0.1574454224747172;-0.16126903167618284;-13.302;0.00012722320985389445
129.0;0.19999854789425567;1.264227597738617;4.999999538247083;4.999999925142532;0.8850564056097369;0.3077244418858615;0.7919642817765284;-0.14225803105455329;-0.14689347757509244;-0.1422225327601439;-0.14561771541832352;-12.672;0.00021233246075288658
130.0;0.039959485574689035;0.9247962985500251;4.868178231098154;4.999998153285127;0.0;0.3148876723828349;1.103035698025547;-0.12971205986699727;-0.13051408700588296;-0.12953931749275946;-0.1300171445945806;-11.691;0.00030569842385771615
131.0;0.03996026692876873;0.7601621506485237;3.9025765116414504;4.999998153220075;0.0;0.3295127908844199;1.3267856975932493;-0.1170421082722093;-0.11773045131831802;-0.11687859743320937;-0.11727033184523943;-10.85;0.0003873430780163454
132.0;0.039960819351865746;0.5995930575852815;3.520179897356386;4.999998153234745;0.0;0.330408205796577;1.4126785524370098;-0.11127275155702011;-0.11190069984746027;-0.11111327742945752;-0.1114573360688188;-10.417;0.0004420774298469905
133.0;0.039960395510697105;0.5609751775462569;3.929924690063862;4.9999981532214255;0.0;0.3199616918502761;1.377678552500987;-0.1156901576648805;-0.1163313913339597;-0.11552761782877524;-0.11587526655336297;-10.725;0.0004660669310717546
134.0;0.039959928353999745;0.4613816999156717;4.379456500027824;4.999998153223633;0.0;0.3253341863020184;1.2433928377413759;-0.12118218334646674;-0.12186197862715942;-0.12101578470790678;-0.12138976239560355;-10.924;0.0004519790525878793
135.0;0.03995974710471389;0.4674792587051552;4.939291208395314;4.999998153352486;0.0;0.3244387713977009;1.0398214131672083;-0.1302673534372443;-0.13102666480440078;-0.13009419216454157;-0.1305281285816585;-11.249;0.00039757867306140326
136.0;0.19999849719038512;0.4613820734929105;4.999999538246731;4.999999925142486;0.7813153115173858;0.32175261681161416;0.7664285667801954;-0.13929906376797388;-0.14379301880875398;-0.13926352103431636;-0.14254192130456445;-11.766;0.00029842176108799796
137.0;0.19999824552337253;0.5589430476556301;4.9999995382416556;4.999999925141817;2.1602272544104655;0.3226480318069831;0.4351785667727682;-0.1609755308870791;-0.16626463734134744;-0.16094193670677778;-0.16483236374206042;-12.824;0.00016639176055965586
138.0;0.19999870478876855;0.6300812572612118;4.999999538244886;4.999999925142243;2.976433546233036;0.3423471717113075;0.14785714185935456;-0.1781286273575809;-0.1840440593934316;-0.17809660864787527;-0.18246842540461647;-13.374;5.3746755940180065e-5
139.0;0.19999907641405312;1.0081300369932098;4.999999538253927;4.999999925143435;3.3020854047329657;0.3614493716276174;0.015357142437696878;-0.19568743255877022;-0.20220797662626508;-0.19565616910028163;-0.20048880660796045;-13.893;5.195302878358586e-6
140.0;0.19999923255893998;1.093495892195986;4.999999538254202;4.99999992514347;3.4625112482969422;0.3387655117281103;0.0;-0.20794540444514636;-0.21487634354356996;-0.20791449304715243;-0.21305466333949516;-14.051;0.0
141.0;0.1999991991086829;1.2743902027745904;4.9999995382540705;4.999999925143453;2.58995586388016;0.3130969368569298;0.0;-0.20564643202790026;-0.2125008470172558;-0.20561552118026802;-0.21069849069660043;-13.343;0.0
142.0;0.19999910798315848;0.6910568670387526;4.999999538253806;4.999999925143418;2.3940611344520426;0.2587750621584666;0.0;-0.19910403917960354;-0.20574082146393416;-0.1990731866751032;-0.2039933912074533;-12.536;0.0
143.0;0.1999990192098391;0.51219507801107;4.9999995382535944;4.99999992514339;1.9573308395407438;0.17221823744764927;0.0;-0.19192109918277828;-0.1983189886817541;-0.19189046665311102;-0.19663206944628753;-11.863;0.0
144.0;0.19999878301091364;0.15243898696122346;4.999999538244848;4.999999925142237;1.702339272742656;0.1170009475100925;0.0;-0.18281258796238944;-0.18890979477116848;-0.18278020935464082;-0.1872953035253875;-11.23;0.0
145.0;0.039947431295631976;3.623982721385243;1.207148036986216;4.9999975813345126;0.0;1.9606612198451385;0.0;-0.18443962810587505;-0.18580610189282534;-0.18422773619320662;-0.18516455807354046;-11.052;0.0
146.0;0.03994746428446296;3.908535515207416;0.5067256021082974;4.999997581135109;0.0;2.1913799226823403;0.0;-0.1784118255589437;-0.17974726095980495;-0.1782037312157678;-0.17911995131060043;-10.891;0.0
147.0;0.009936730224158983;4.408522801119172;0.0;4.669765027198426;0.0;2.3567308685481843;0.0;-0.17152133805244324;-0.17224577280636572;-0.1712992418262989;-0.1717548571756883;-10.748;0.0
148.0;0.009938000952650447;4.22356390673887;0.0;4.61737934053937;0.0;2.5773013466988015;0.0;-0.16483447349527264;-0.16554172507919934;-0.1646098759407965;-0.165061878843789;-10.758;0.0
149.0;0.009938849161122578;4.455270656330781;0.0;4.539658239738497;0.0;2.706837999210985;0.0;-0.16121643846951536;-0.16191724991253437;-0.1609927577837284;-0.16144325388453173;-11.056;0.0
150.0;0.03994756068916227;4.109754993789647;0.9032612863562691;4.999997581171894;0.0;2.7895174053591196;0.0;-0.1666593018055375;-0.16792879591741386;-0.1664568607832264;-0.16733107359023092;-12.134;0.0
151.0;0.039947407303055675;4.1036574299953905;2.2540238631187686;4.999997581208725;0.0;2.7223612507388855;0.012678550652513528;-0.1734413570818364;-0.17474846633676386;-0.17323898412347877;-0.17413569831905548;-13.397;3.309355557682665e-6
152.0;0.039947369990151825;4.105689949598713;2.5194047777418422;4.999997581212831;0.0;2.8044409941602257;0.56232140975404;-0.17450909614301927;-0.1757500333433469;-0.1743066949992464;-0.17513491048174562;-14.292;0.00014805095692531527
153.0;0.039947596315272595;3.5304868040288433;2.00479362156925;4.999997581146013;0.0;2.917561806553293;1.5223214076824763;-0.1656709428461636;-0.1667307343459936;-0.16546845513327454;-0.16613528195175062;-14.311;0.0004081475155016027
154.0;0.039947722878358786;3.6890233592371113;1.1626960885039153;4.9999975810188655;0.0;3.061425220344551;1.691428547277217;-0.15506289081368202;-0.1560311887759616;-0.1548587325593066;-0.15545958614434918;-13.983;0.0004687672764221516
155.0;0.03994813875866925;4.056909473881444;0.46230157049282417;4.999997580247971;0.0;3.039039836252356;1.8048214070043658;-0.14846097998697716;-0.14938083124556095;-0.14825770362442905;-0.1488070806878394;-13.768;0.0005269012773219841
156.0;0.039947491338322684;4.091462312564716;0.12714890545919888;4.999997581755612;0.0;3.0175498673047323;1.8916071217973112;-0.1446675370407116;-0.14553427184264214;-0.14446502550816617;-0.1449691030753654;-13.548;0.0005919512355466703
157.0;0.03994770478591747;3.52235672535035;0.8931462013608437;4.999997580337831;0.0;2.856076614912466;1.746071407145275;-0.14488005461791878;-0.1457484103569204;-0.1446774873179225;-0.1451827877128522;-13.437;0.0005906937732305511
158.0;0.03994765619449159;3.955283476973917;1.211686621029694;4.999997580384659;0.0;2.546561359470072;1.37499997802935;-0.149567720545807;-0.15050718049061884;-0.14936426004894926;-0.1499309474394773;-13.489;0.0004998188583835269
159.0;0.03994767719976113;4.040649312356564;2.0217414517568995;4.999997581039687;0.0;2.1880967329820784;0.9398214091918636;-0.1569650962326569;-0.15799909738668616;-0.15676119830844096;-0.1574231780370864;-13.561;0.0003593433894260772
160.0;0.0399474916679743;3.6443079225520942;3.7143120859126286;4.999997581189732;0.0;1.804858934863774;0.48214283481643516;-0.17046935578750227;-0.17166713807769673;-0.17026719649396338;-0.1710609388801085;-13.962;0.0001877303711226413
161.0;0.03994687763093255;4.197153346869149;4.548737819841932;4.999997581274079;0.0;1.4478866543525593;0.13714283659402082;-0.18871838127608945;-0.19008963672153772;-0.18851585808347743;-0.18944317443581998;-14.574;5.2436959594833916e-5
162.0;0.19999810643546068;3.7154470765043657;4.99999938868657;4.999999902528523;0.6089338254685018;1.2267191887483047;0.003392851214907848;-0.19654761652731625;-0.20310001968182426;-0.19650606766572454;-0.20136010496784243;-14.757;1.2333184820078842e-6
163.0;0.19999830893150725;2.4390243276575814;4.999999388687985;4.999999902528708;1.8983955956826981;1.0885267340217477;0.0;-0.20553007900786086;-0.21238178943313057;-0.20548933476141357;-0.21056665664833918;-14.592;0.0
164.0;0.19999830747325814;1.906504008367577;4.999999388687955;4.999999902528703;1.8512982746633395;0.9694364742079634;0.0;-0.2056020694642352;-0.21245614711592867;-0.20556131573475622;-0.2106404221230149;-13.893;0.0
165.0;0.19999826143874963;1.662601570462598;4.999999388687621;4.99999990252866;1.470994937882161;0.8992955942277562;0.0;-0.20354530961417563;-0.21033096548349384;-0.20350442835128316;-0.20853254000298588;-13.207;0.0
166.0;0.19999811240686508;1.5447153913731544;4.999999388686504;4.999999902528513;0.8547291522816625;0.8219913940580095;0.0;-0.1972723964903377;-0.20384949535408947;-0.19723115284284645;-0.20210377426511641;-12.421;0.0
167.0;0.19999793484837505;1.4735771818976666;4.999999388685109;4.999999902528331;0.3289699780403219;0.7634909139330835;0.0;-0.19076733972299825;-0.1971281818621551;-0.19072579925732847;-0.19543724251379088;-11.792;0.0
168.0;0.03994898497029574;1.2540644587201948;4.970972068809218;4.9999975818723215;0.0;0.6930514222529736;0.0;-0.18750485309925394;-0.18889119481134697;-0.18729817765043363;-0.18824699555059418;-11.166;0.0
169.0;0.20000024663135668;0.23170728719884934;4.999999694729871;4.999999932782981;2.3112168672392914;0.05044173477210623;0.0;-0.1923182373056943;-0.19872596225641126;-0.1922917145963527;-0.1970444019445534;-11.813;0.0
170.0;0.20000023739468364;0.19512192234079045;4.999999694730144;4.99999993278303;1.8053427322246758;0.1074498498292565;0.0;-0.18382838187990197;-0.18995381056085617;-0.18380298473469234;-0.18834443924709954;-11.362;0.0
171.0;0.20000024485192122;0.1991869623219352;4.99999969473047;4.999999932783088;1.4786732204907338;0.11729941987992695;0.0;-0.1760015395029939;-0.1818679130837705;-0.17597943455373563;-0.1803264680951413;-11.081;0.0
172.0;0.20000014782569278;0.19512192234079215;4.999999694730186;4.999999932783037;1.376399912199291;0.13341689994093517;0.0;-0.1697873937475796;-0.1754453257396631;-0.16976466279446273;-0.1739573379078899;-11.016;0.0
173.0;0.2000000958795923;0.23780485217912278;4.999999694730073;4.999999932783018;1.3699840261426188;0.15878700484304478;0.0;-0.16427688659175194;-0.16975100674961568;-0.16425423859886515;-0.1683098769245018;-11.1;0.0
174.0;0.20000007535202927;0.34349590618999215;4.999999694729979;4.999999932783001;1.684105434411527;0.19311126471259163;0.0;-0.16283210465481845;-0.16825796307486002;-0.16280948974995316;-0.16682920288213;-11.56;0.0
175.0;0.20000014482650671;0.26829265681172654;4.999999694730137;4.9999999327830285;2.898243749209034;0.23250954460966852;0.0;-0.16932100420713578;-0.17496295288843802;-0.16929846373162574;-0.1734795439611472;-12.712;0.0
176.0;0.2000002174429993;0.48983737011742634;4.999999694730347;4.999999932783067;4.202341064583145;0.282652814502097;0.0;-0.17887821555097938;-0.18483852851354604;-0.17885573936986054;-0.1832742224275779;-14.249;0.0
177.0;0.2000002348374683;0.7276422443319689;4.999999694730371;4.999999932783071;4.9693008659347475;0.35309216426087053;0.017499998120918805;-0.18151695043996152;-0.18756287202622177;-0.1814944876027803;-0.1859762539106037;-15.331;4.607492455325803e-6
178.0;0.2000002017070734;0.8048780192857008;4.999999694730286;4.999999932783055;5.066920189260797;0.3978629341512234;0.1444642827277155;-0.1762497145065497;-0.18210309055043247;-0.17622721459623666;-0.18056103556675224;-15.699;3.87321217710674e-5
179.0;0.2000001240799015;0.8130080992854853;4.999999694730034;4.999999932783011;4.62040808379566;0.4423352390756634;0.34553571268783045;-0.16718632788545237;-0.17270926948156018;-0.16716375192909744;-0.1712438610187515;-15.543;9.576274097529925e-5
180.0;0.20000003917383596;0.7520324893082911;4.999999694729756;4.999999932782961;4.326301080162097;0.4665114540468454;0.435714282681959;-0.16036155850864403;-0.1656414600576866;-0.1603388969286655;-0.16423357874571173;-15.33;0.00012720284095581413
181.0;0.19999999411142552;0.7926828942875613;4.999999694729594;4.999999932782932;3.9795905669809915;0.524713459007136;0.47928571268283066;-0.15684673285655557;-0.16199818088421739;-0.1568240147089741;-0.1606199200558006;-15.14;0.00014998556752338727
182.0;0.200000016851129;0.833333304288556;4.999999694729674;4.999999932782946;3.9427798041731457;0.5730658990003609;0.4551785676821402;-0.15859355015110135;-0.16380117563936344;-0.15857086034907508;-0.1624081929889062;-15.161;0.0001539863389248552
183.0;0.2000000876064702;0.71951216434179;4.999999694729934;4.999999932782993;4.2019963113185685;0.5861986590019386;0.370178567684508;-0.16364718577848214;-0.169032843941644;-0.16362456643616455;-0.16759726582702977;-15.214;0.0001345616220039611
184.0;0.20000017880331908;0.8983739543303869;4.999999694730195;4.999999932783039;4.429923008071459;0.5820200490012958;0.22982142770843897;-0.17330807788413935;-0.17903888698933915;-0.17328554974268515;-0.17752173294241227;-15.437;8.787287561526228e-5
185.0;0.2000002746328165;0.6280487495259759;4.9999996947303895;4.999999932783074;5.423695744716528;0.5867955990020473;0.08714285278891422;-0.18895286683951568;-0.19523190114643094;-0.18893044562720954;-0.1935825015771787;-15.959;3.3930525652685484e-5
186.0;0.2000003107576741;0.7215446843392233;4.999999694729685;4.9999999327829485;6.393875458453276;0.5835124090015049;0.015714283152381405;-0.21160422170181986;-0.2186557859828114;-0.21158432135503405;-0.21681544869020164;-16.856;6.008401441013495e-6
187.0;0.2000003352178855;0.8313007842880253;4.999999694729763;4.999999932782962;5.6424852613686065;0.5912726790028981;0.0;-0.2156468789669175;-0.22283599072817128;-0.21562691452017158;-0.22096159993824133;-16.19;0.0
188.0;0.2000003535703993;0.886178829319066;4.999999694729805;4.999999932782969;4.96425597904894;0.5936604540034169;0.0;-0.21910569190502738;-0.22640990405202982;-0.21908567850485508;-0.22450640271718889;-15.555;0.0
189.0;0.20000034343512868;1.0304877745354684;4.999999694729719;4.999999932782954;4.021265049987916;0.5670964590000973;0.0;-0.218059401709905;-0.22532874477089965;-0.2180394631820886;-0.22343416096499555;-14.734;0.0
190.0;0.20000032486372457;1.022357694519183;4.999999694729585;4.99999993278293;3.2669885052372716;0.5745582540004704;0.0;-0.21560871147680294;-0.22279651160509;-0.21558907588960813;-0.22092281880757725;-13.989;0.0
191.0;0.20000028513282478;0.8516259842955505;4.999999694729375;4.999999932782893;2.578641945463367;0.5906757340027702;0.0;-0.2092113019379332;-0.2161862436567293;-0.20919230898736596;-0.21436694502596595;-13.172;0.0
192.0;0.200000298508627;0.8658536293036679;4.999999694729758;4.999999932782961;1.8175655035142504;0.5551575890004571;0.0;-0.20099263223881483;-0.2076892671191202;-0.20096994596227236;-0.20593869536681866;-12.423;0.0
